schedule_date,schedule_season,schedule_week,schedule_playoff,team_home,score_home,score_away,team_away,team_favorite_id,spread_favorite,over_under_line,stadium,stadium_neutral,weather_temperature,weather_wind_mph,weather_humidity,weather_detail
1/1/1967,1966,Conference,TRUE,Buffalo Bills,7,31,Kansas City Chiefs,,,,War Memorial Stadium,FALSE,,,,
1/1/1967,1966,Conference,TRUE,Dallas Cowboys,27,34,Green Bay Packers,,,,Cotton Bowl,FALSE,40,8,75,
1/15/1967,1966,Superbowl,TRUE,Green Bay Packers,35,10,Kansas City Chiefs,GB,-14,,Los Angeles Memorial Coliseum,TRUE,54,7,90,
12/23/1967,1967,15,TRUE,Green Bay Packers,28,7,Los Angeles Rams,,,,Lambeau Field,FALSE,13,15,60,
12/24/1967,1967,15,TRUE,Dallas Cowboys,52,14,Cleveland Browns,,,,Cotton Bowl,FALSE,44,12,54,
12/31/1967,1967,Conference,TRUE,Green Bay Packers,21,17,Dallas Cowboys,,,,Lambeau Field,FALSE,-2,15,55,
12/31/1967,1967,Conference,TRUE,Oakland Raiders,40,7,Houston Oilers,,,,Oakland Coliseum,FALSE,,,,
1/14/1968,1967,Superbowl,TRUE,Green Bay Packers,33,14,Oakland Raiders,GB,-13.5,43,Orange Bowl,TRUE,60,12,74,
12/21/1968,1968,15,TRUE,Cleveland Browns,31,20,Dallas Cowboys,,,,Cleveland Municipal Stadium,FALSE,33,12,62,
12/22/1968,1968,Conference,TRUE,Baltimore Colts,24,14,Minnesota Vikings,,,,Memorial Stadium (Baltimore),FALSE,33,7,73,
12/22/1968,1968,Division,TRUE,Oakland Raiders,41,6,Kansas City Chiefs,,,,Oakland Coliseum,FALSE,,,,
12/29/1968,1968,Conference,TRUE,Cleveland Browns,0,34,Baltimore Colts,,,,Cleveland Municipal Stadium,FALSE,27,22,60,
12/29/1968,1968,Conference,TRUE,New York Jets,27,23,Oakland Raiders,,,,Shea Stadium,FALSE,,,,
1/12/1969,1968,Superbowl,TRUE,Baltimore Colts,7,16,New York Jets,IND,-18,40,Orange Bowl,TRUE,66,12,80,rain
12/20/1969,1969,Division,TRUE,New York Jets,6,13,Kansas City Chiefs,,,,Shea Stadium,FALSE,,,,
12/21/1969,1969,Division,TRUE,Oakland Raiders,56,7,Houston Oilers,,,,Oakland Coliseum,FALSE,,,,
12/27/1969,1969,Division,TRUE,Minnesota Vikings,23,20,Los Angeles Rams,,,,Metropolitan Stadium,FALSE,10,7,83,
12/28/1969,1969,Division,TRUE,Dallas Cowboys,14,38,Cleveland Browns,,,,Cotton Bowl,FALSE,51,14,95,
1/4/1970,1969,Conference,TRUE,Minnesota Vikings,27,7,Cleveland Browns,,,,Metropolitan Stadium,FALSE,8,9,5,
1/4/1970,1969,Conference,TRUE,Oakland Raiders,7,17,Kansas City Chiefs,,,,Oakland Coliseum,FALSE,,,,
1/11/1970,1969,Superbowl,TRUE,Kansas City Chiefs,23,7,Minnesota Vikings,MIN,-12,39,Tulane Stadium,TRUE,55,14,84,rain
12/26/1970,1970,Division,TRUE,Baltimore Colts,17,0,Cincinnati Bengals,,,,Memorial Stadium (Baltimore),FALSE,30,15,73,
12/26/1970,1970,Division,TRUE,Dallas Cowboys,5,0,Detroit Lions,,,,Cotton Bowl,FALSE,35,8,46,
12/27/1970,1970,Division,TRUE,Minnesota Vikings,14,17,San Francisco 49ers,,,,Metropolitan Stadium,FALSE,10,13,61,
12/27/1970,1970,Division,TRUE,Oakland Raiders,21,14,Miami Dolphins,,,,Oakland Coliseum,FALSE,45,8,92,
1/3/1971,1970,Conference,TRUE,Baltimore Colts,27,17,Oakland Raiders,,,,Memorial Stadium (Baltimore),FALSE,34,6,68,
1/3/1971,1970,Conference,TRUE,San Francisco 49ers,10,17,Dallas Cowboys,,,,Kezar Stadium,FALSE,46,22,29,
1/17/1971,1970,Superbowl,TRUE,Baltimore Colts,16,13,Dallas Cowboys,IND,-2.5,36,Orange Bowl,TRUE,59,11,60,
12/25/1971,1971,Division,TRUE,Kansas City Chiefs,24,27,Miami Dolphins,,,,Arrowhead Stadium,FALSE,47,10,84,
12/25/1971,1971,Division,TRUE,Minnesota Vikings,12,20,Dallas Cowboys,,,,Metropolitan Stadium,FALSE,22,9,79,
12/26/1971,1971,Division,TRUE,Cleveland Browns,3,20,Baltimore Colts,,,,Cleveland Municipal Stadium,FALSE,47,12,81,
12/26/1971,1971,Division,TRUE,San Francisco 49ers,24,20,Washington Redskins,,,,Candlestick Park,FALSE,44,14,82,
1/2/1972,1971,Conference,TRUE,Dallas Cowboys,14,3,San Francisco 49ers,,,,Cotton Bowl,FALSE,47,9,86,
1/2/1972,1971,Conference,TRUE,Miami Dolphins,21,0,Baltimore Colts,,,,Orange Bowl,FALSE,73,10,82,
1/16/1972,1971,Superbowl,TRUE,Dallas Cowboys,24,3,Miami Dolphins,DAL,-6,34,Tulane Stadium,TRUE,34,18,40,
12/23/1972,1972,Division,TRUE,Pittsburgh Steelers,13,7,Oakland Raiders,,,,Three Rivers Stadium,FALSE,42,6,88,
12/23/1972,1972,Division,TRUE,San Francisco 49ers,28,30,Dallas Cowboys,,,,Candlestick Park,FALSE,51,7,91,
12/24/1972,1972,Division,TRUE,Miami Dolphins,20,14,Cleveland Browns,,,,Orange Bowl,FALSE,62,7,78,
12/24/1972,1972,Division,TRUE,Washington Redskins,16,3,Green Bay Packers,,,,RFK Memorial Stadium,FALSE,38,6,98,
12/31/1972,1972,Conference,TRUE,Pittsburgh Steelers,17,21,Miami Dolphins,,,,Three Rivers Stadium,FALSE,58,16,65,
12/31/1972,1972,Conference,TRUE,Washington Redskins,26,3,Dallas Cowboys,,,,RFK Memorial Stadium,FALSE,49,8,99,
1/14/1973,1972,Superbowl,TRUE,Miami Dolphins,14,7,Washington Redskins,MIA,-1,33,Los Angeles Memorial Coliseum,TRUE,64,7,53,
12/22/1973,1973,Division,TRUE,Minnesota Vikings,27,20,Washington Redskins,,,,Metropolitan Stadium,FALSE,19,11,71,
12/22/1973,1973,Division,TRUE,Oakland Raiders,33,14,Pittsburgh Steelers,,,,Oakland Coliseum,FALSE,50,10,92,
12/23/1973,1973,Division,TRUE,Dallas Cowboys,27,16,Los Angeles Rams,,,,Texas Stadium,FALSE,56,15,81,
12/23/1973,1973,Division,TRUE,Miami Dolphins,34,16,Cincinnati Bengals,,,,Orange Bowl,FALSE,55,8,60,
12/30/1973,1973,Conference,TRUE,Dallas Cowboys,10,27,Minnesota Vikings,,,,Texas Stadium,FALSE,48,13,60,
12/30/1973,1973,Conference,TRUE,Miami Dolphins,27,10,Oakland Raiders,,,,Orange Bowl,FALSE,74,8,74,
1/13/1974,1973,Superbowl,TRUE,Miami Dolphins,24,7,Minnesota Vikings,MIA,-6.5,33,Rice Stadium,TRUE,47,7,81,
12/21/1974,1974,Division,TRUE,Minnesota Vikings,30,14,St. Louis Cardinals,,,,Metropolitan Stadium,FALSE,19,8,81,
12/21/1974,1974,Division,TRUE,Oakland Raiders,28,26,Miami Dolphins,,,,Oakland Coliseum,FALSE,49,8,78,
12/22/1974,1974,Division,TRUE,Los Angeles Rams,19,10,Washington Redskins,,,,Los Angeles Memorial Coliseum,FALSE,57,10,69,
12/22/1974,1974,Division,TRUE,Pittsburgh Steelers,32,14,Buffalo Bills,,,,Three Rivers Stadium,FALSE,33,12,75,
12/29/1974,1974,Conference,TRUE,Minnesota Vikings,14,10,Los Angeles Rams,,,,Metropolitan Stadium,FALSE,28,10,82,
12/29/1974,1974,Conference,TRUE,Oakland Raiders,13,24,Pittsburgh Steelers,,,,Oakland Coliseum,FALSE,50,10,33,
1/12/1975,1974,Superbowl,TRUE,Minnesota Vikings,6,16,Pittsburgh Steelers,PIT,-3,33,Tulane Stadium,TRUE,51,17,72,
12/27/1975,1975,Division,TRUE,Los Angeles Rams,35,23,St. Louis Cardinals,,,,Los Angeles Memorial Coliseum,FALSE,50,6,95,
12/27/1975,1975,Division,TRUE,Pittsburgh Steelers,28,10,Baltimore Colts,,,,Three Rivers Stadium,FALSE,32,12,72,
12/28/1975,1975,Division,TRUE,Minnesota Vikings,14,17,Dallas Cowboys,,,,Metropolitan Stadium,FALSE,25,8,76,
12/28/1975,1975,Division,TRUE,Oakland Raiders,31,28,Cincinnati Bengals,,,,Oakland Coliseum,FALSE,51,6,81,
1/4/1976,1975,Conference,TRUE,Los Angeles Rams,7,37,Dallas Cowboys,,,,Los Angeles Memorial Coliseum,FALSE,51,8,58,
1/4/1976,1975,Conference,TRUE,Pittsburgh Steelers,16,10,Oakland Raiders,,,,Three Rivers Stadium,FALSE,18,18,62,
1/18/1976,1975,Superbowl,TRUE,Dallas Cowboys,17,21,Pittsburgh Steelers,PIT,-7,36,Orange Bowl,TRUE,49,18,44,
12/18/1976,1976,Division,TRUE,Minnesota Vikings,35,20,Washington Redskins,,,,Metropolitan Stadium,FALSE,31,7,64,
12/18/1976,1976,Division,TRUE,Oakland Raiders,24,21,New England Patriots,,,,Oakland Coliseum,FALSE,50,7,61,
12/19/1976,1976,Division,TRUE,Baltimore Colts,14,40,Pittsburgh Steelers,,,,Memorial Stadium (Baltimore),FALSE,36,6,62,
12/19/1976,1976,Division,TRUE,Dallas Cowboys,12,14,Los Angeles Rams,,,,Texas Stadium,FALSE,62,15,76,
12/26/1976,1976,Conference,TRUE,Minnesota Vikings,24,13,Los Angeles Rams,,,,Metropolitan Stadium,FALSE,19,12,59,
12/26/1976,1976,Conference,TRUE,Oakland Raiders,24,7,Pittsburgh Steelers,,,,Oakland Coliseum,FALSE,47,7,70,
1/9/1977,1976,Superbowl,TRUE,Minnesota Vikings,14,32,Oakland Raiders,LVR,-4,38,Rose Bowl,TRUE,52,6,59,
12/24/1977,1977,Division,TRUE,Baltimore Colts,31,37,Oakland Raiders,,,,Memorial Stadium (Baltimore),FALSE,41,9,56,
12/24/1977,1977,Division,TRUE,Denver Broncos,34,21,Pittsburgh Steelers,,,,Mile High Stadium,FALSE,44,16,31,
12/26/1977,1977,Division,TRUE,Dallas Cowboys,37,7,Chicago Bears,,,,Texas Stadium,FALSE,37,8,35,
12/26/1977,1977,Division,TRUE,Los Angeles Rams,7,14,Minnesota Vikings,,,,Los Angeles Memorial Coliseum,FALSE,60,12,91,
1/1/1978,1977,Conference,TRUE,Dallas Cowboys,23,6,Minnesota Vikings,,,,Texas Stadium,FALSE,38,19,76,
1/1/1978,1977,Conference,TRUE,Denver Broncos,20,17,Oakland Raiders,,,,Mile High Stadium,FALSE,13,6,61,
1/15/1978,1977,Superbowl,TRUE,Dallas Cowboys,27,10,Denver Broncos,DAL,-6,39,Louisiana Superdome,TRUE,72,0,,indoor
12/24/1978,1978,Wildcard,TRUE,Atlanta Falcons,14,13,Philadelphia Eagles,ATL,-2.5,,Atlanta-Fulton County Stadium,FALSE,43,11,77,
12/24/1978,1978,Wildcard,TRUE,Miami Dolphins,9,17,Houston Oilers,MIA,-6.5,,Orange Bowl,FALSE,77,12,78,
12/30/1978,1978,Division,TRUE,Dallas Cowboys,27,20,Atlanta Falcons,DAL,-15,,Texas Stadium,FALSE,38,15,97,
12/30/1978,1978,Division,TRUE,Pittsburgh Steelers,33,10,Denver Broncos,PIT,-7,,Three Rivers Stadium,FALSE,30,7,75,
12/31/1978,1978,Division,TRUE,Los Angeles Rams,34,10,Minnesota Vikings,LAR,-7.5,,Los Angeles Memorial Coliseum,FALSE,53,6,52,
12/31/1978,1978,Division,TRUE,New England Patriots,14,31,Houston Oilers,NE,-6,,Foxboro Stadium,FALSE,36,8,70,
1/7/1979,1978,Conference,TRUE,Los Angeles Rams,0,28,Dallas Cowboys,DAL,-3.5,,Los Angeles Memorial Coliseum,FALSE,56,8,77,
1/7/1979,1978,Conference,TRUE,Pittsburgh Steelers,34,5,Houston Oilers,PIT,-7,,Three Rivers Stadium,FALSE,25,8,85,
1/21/1979,1978,Superbowl,TRUE,Dallas Cowboys,31,35,Pittsburgh Steelers,PIT,-3.5,37,Orange Bowl,TRUE,71,18,84,rain
12/23/1979,1979,Wildcard,TRUE,Houston Oilers,13,7,Denver Broncos,TEN,-7, ,Houston Astrodome,FALSE,72,0,,indoor
12/23/1979,1979,Wildcard,TRUE,Philadelphia Eagles,27,17,Chicago Bears,PHI,-6.5, ,Veterans Stadium,FALSE,,,,
12/29/1979,1979,Division,TRUE,San Diego Chargers,14,17,Houston Oilers,LAC,-8, ,Qualcomm Stadium,FALSE,,,,
12/29/1979,1979,Division,TRUE,Tampa Bay Buccaneers,24,17,Philadelphia Eagles,PHI,-4.5, ,Houlihan's Stadium,FALSE,,,,
12/30/1979,1979,Division,TRUE,Dallas Cowboys,19,21,Los Angeles Rams,DAL,-8.5, ,Texas Stadium,FALSE,,,,
12/30/1979,1979,Division,TRUE,Pittsburgh Steelers,34,14,Miami Dolphins,PIT,-9.5, ,Three Rivers Stadium,FALSE,,,,
1/6/1980,1979,Conference,TRUE,Pittsburgh Steelers,27,13,Houston Oilers,PIT,-9.5, ,Three Rivers Stadium,FALSE,,,,
1/6/1980,1979,Conference,TRUE,Tampa Bay Buccaneers,0,9,Los Angeles Rams,LAR,-3.5, ,Houlihan's Stadium,FALSE,,,,
1/20/1980,1979,Superbowl,TRUE,Los Angeles Rams,19,31,Pittsburgh Steelers,PIT,-10.5,36,Rose Bowl,TRUE,67,30,,
12/28/1980,1980,Wildcard,TRUE,Dallas Cowboys,34,13,Los Angeles Rams,DAL,-3, ,Texas Stadium,FALSE,,,,
12/28/1980,1980,Wildcard,TRUE,Oakland Raiders,27,7,Houston Oilers,TEN,-1, ,Oakland Coliseum,FALSE,,,,
1/3/1981,1980,Division,TRUE,Philadelphia Eagles,31,16,Minnesota Vikings,PHI,-7, ,Veterans Stadium,FALSE,,,,
1/3/1981,1980,Division,TRUE,San Diego Chargers,20,14,Buffalo Bills,LAC,-6, ,Qualcomm Stadium,FALSE,,,,
1/4/1981,1980,Division,TRUE,Atlanta Falcons,27,30,Dallas Cowboys,ATL,-2.5, ,Atlanta-Fulton County Stadium,FALSE,,,,
1/4/1981,1980,Division,TRUE,Cleveland Browns,12,14,Oakland Raiders,CLE,-3.5, ,Cleveland Municipal Stadium,FALSE,,,,
1/11/1981,1980,Conference,TRUE,Philadelphia Eagles,20,7,Dallas Cowboys,DAL,-1, ,Veterans Stadium,FALSE,,,,
1/11/1981,1980,Conference,TRUE,San Diego Chargers,27,34,Oakland Raiders,LAC,-4, ,Qualcomm Stadium,FALSE,,,,
1/25/1981,1980,Superbowl,TRUE,Oakland Raiders,27,10,Philadelphia Eagles,PHI,-3,37.5,Louisiana Superdome,TRUE,72,0,,indoor
12/27/1981,1981,Wildcard,TRUE,New York Jets,27,31,Buffalo Bills,NYJ,-3, ,Giants Stadium,FALSE,,,,
12/27/1981,1981,Wildcard,TRUE,Philadelphia Eagles,21,27,New York Giants,PHI,-7, ,Veterans Stadium,FALSE,,,,
1/2/1982,1981,Division,TRUE,Dallas Cowboys,38,0,Tampa Bay Buccaneers,DAL,-8, ,Texas Stadium,FALSE,,,,
1/2/1982,1981,Division,TRUE,Miami Dolphins,38,41,San Diego Chargers,LAC,-2.5, ,Orange Bowl,FALSE,,,,
1/3/1982,1981,Division,TRUE,Cincinnati Bengals,28,21,Buffalo Bills,CIN,-6, ,Cinergy Field,FALSE,,,,
1/3/1982,1981,Division,TRUE,San Francisco 49ers,38,24,New York Giants,SF,-6, ,Candlestick Park,FALSE,,,,
1/10/1982,1981,Conference,TRUE,Cincinnati Bengals,27,7,San Diego Chargers,CIN,-4.5, ,Cinergy Field,FALSE,,,,
1/10/1982,1981,Conference,TRUE,San Francisco 49ers,28,27,Dallas Cowboys,DAL,-3, ,Candlestick Park,FALSE,,,,
1/24/1982,1981,Superbowl,TRUE,San Francisco 49ers,26,21,Cincinnati Bengals,SF,-1,48,Pontiac Silverdome,TRUE,72,0,,indoor
1/8/1983,1982,Wildcard,TRUE,Green Bay Packers,41,16,St. Louis Cardinals,GB,-4.5, ,Lambeau Field,FALSE,,,,
1/8/1983,1982,Wildcard,TRUE,Los Angeles Raiders,27,10,Cleveland Browns,LVR,-8.5, ,Los Angeles Memorial Coliseum,FALSE,,,,
1/8/1983,1982,Wildcard,TRUE,Miami Dolphins,28,13,New England Patriots,MIA,-7.5, ,Orange Bowl,FALSE,,,,
1/8/1983,1982,Wildcard,TRUE,Washington Redskins,31,7,Detroit Lions,WAS,-6, ,RFK Memorial Stadium,FALSE,,,,
1/9/1983,1982,Wildcard,TRUE,Cincinnati Bengals,17,44,New York Jets,CIN,-4, ,Cinergy Field,FALSE,,,,
1/9/1983,1982,Wildcard,TRUE,Dallas Cowboys,30,17,Tampa Bay Buccaneers,DAL,-8, ,Texas Stadium,FALSE,,,,
1/9/1983,1982,Wildcard,TRUE,Minnesota Vikings,30,24,Atlanta Falcons,MIN,-2, ,Hubert H. Humphrey Metrodome,FALSE,72,0,,indoor
1/9/1983,1982,Wildcard,TRUE,Pittsburgh Steelers,28,31,San Diego Chargers,PIT,-1, ,Three Rivers Stadium,FALSE,,,,
1/15/1983,1982,Division,TRUE,Los Angeles Raiders,14,17,New York Jets,LVR,-3.5, ,Los Angeles Memorial Coliseum,FALSE,,,,
1/15/1983,1982,Division,TRUE,Washington Redskins,21,7,Minnesota Vikings,WAS,-6, ,RFK Memorial Stadium,FALSE,,,,
1/16/1983,1982,Division,TRUE,Dallas Cowboys,37,26,Green Bay Packers,DAL,-7, ,Texas Stadium,FALSE,,,,
1/16/1983,1982,Division,TRUE,Miami Dolphins,34,13,San Diego Chargers,LAC,-1.5, ,Orange Bowl,FALSE,,,,
1/22/1983,1982,Conference,TRUE,Washington Redskins,31,17,Dallas Cowboys,DAL,-2, ,RFK Memorial Stadium,FALSE,,,,
1/23/1983,1982,Conference,TRUE,Miami Dolphins,14,0,New York Jets,MIA,-1, ,Orange Bowl,FALSE,,,,
1/30/1983,1982,Superbowl,TRUE,Miami Dolphins,17,27,Washington Redskins,MIA,-3,36.5,Rose Bowl,TRUE,61,,,
12/24/1983,1983,Wildcard,TRUE,Seattle Seahawks,31,7,Denver Broncos,SEA,-3.5, ,Seattle Kingdome,FALSE,72,0,,indoor
12/26/1983,1983,Wildcard,TRUE,Dallas Cowboys,17,24,Los Angeles Rams,DAL,-8, ,Texas Stadium,FALSE,,,,
12/31/1983,1983,Division,TRUE,Miami Dolphins,20,27,Seattle Seahawks,MIA,-8, ,Orange Bowl,FALSE,,,,
12/31/1983,1983,Division,TRUE,San Francisco 49ers,24,23,Detroit Lions,SF,-7.5, ,Candlestick Park,FALSE,,,,
1/1/1984,1983,Division,TRUE,Los Angeles Raiders,38,10,Pittsburgh Steelers,LVR,-7, ,Los Angeles Memorial Coliseum,FALSE,,,,
1/1/1984,1983,Division,TRUE,Washington Redskins,51,7,Los Angeles Rams,WAS,-9.5, ,RFK Memorial Stadium,FALSE,,,,
1/8/1984,1983,Conference,TRUE,Los Angeles Raiders,30,14,Seattle Seahawks,LVR,-7, ,Los Angeles Memorial Coliseum,FALSE,,,,
1/8/1984,1983,Conference,TRUE,Washington Redskins,24,21,San Francisco 49ers,WAS,-10, ,RFK Memorial Stadium,FALSE,,,,
1/22/1984,1983,Superbowl,TRUE,Washington Redskins,9,38,Los Angeles Raiders,WAS,-3,48,Tampa Stadium,TRUE,68,25,,
12/22/1984,1984,Wildcard,TRUE,Seattle Seahawks,13,7,Los Angeles Raiders,LVR,-1.5, ,Seattle Kingdome,FALSE,72,0,,indoor
12/23/1984,1984,Wildcard,TRUE,Los Angeles Rams,13,16,New York Giants,LAR,-4.5, ,Anaheim Stadium,FALSE,,,,
12/29/1984,1984,Division,TRUE,Miami Dolphins,31,10,Seattle Seahawks,MIA,-5.5, ,Orange Bowl,FALSE,,,,
12/29/1984,1984,Division,TRUE,San Francisco 49ers,21,10,New York Giants,SF,-12, ,Candlestick Park,FALSE,,,,
12/30/1984,1984,Division,TRUE,Denver Broncos,17,24,Pittsburgh Steelers,DEN,-4.5, ,Mile High Stadium,FALSE,,,,
12/30/1984,1984,Division,TRUE,Washington Redskins,19,23,Chicago Bears,WAS,-9, ,RFK Memorial Stadium,FALSE,,,,
1/6/1985,1984,Conference,TRUE,Miami Dolphins,45,28,Pittsburgh Steelers,MIA,-10, ,Orange Bowl,FALSE,,,,
1/6/1985,1984,Conference,TRUE,San Francisco 49ers,23,0,Chicago Bears,SF,-10, ,Candlestick Park,FALSE,,,,
1/20/1985,1984,Superbowl,TRUE,San Francisco 49ers,38,16,Miami Dolphins,SF,-3.5,53.5,Stanford Stadium,TRUE,53,,,
12/28/1985,1985,Wildcard,TRUE,New York Jets,14,26,New England Patriots,NYJ,-3, ,Giants Stadium,FALSE,,,,
12/29/1985,1985,Wildcard,TRUE,New York Giants,17,3,San Francisco 49ers,SF,-3, ,Giants Stadium,FALSE,,,,
1/4/1986,1985,Division,TRUE,Los Angeles Rams,20,0,Dallas Cowboys,LAR,-2, ,Anaheim Stadium,FALSE,,,,
1/4/1986,1985,Division,TRUE,Miami Dolphins,24,21,Cleveland Browns,MIA,-10.5, ,Orange Bowl,FALSE,,,,
1/5/1986,1985,Division,TRUE,Chicago Bears,21,0,New York Giants,CHI,-9, ,Soldier Field,FALSE,,,,
1/5/1986,1985,Division,TRUE,Los Angeles Raiders,20,27,New England Patriots,LVR,-5.5, ,Los Angeles Memorial Coliseum,FALSE,,,,
1/12/1986,1985,Conference,TRUE,Chicago Bears,24,0,Los Angeles Rams,CHI,-10.5, ,Soldier Field,FALSE,,,,
1/12/1986,1985,Conference,TRUE,Miami Dolphins,14,31,New England Patriots,MIA,-5.5, ,Orange Bowl,FALSE,,,,
1/26/1986,1985,Superbowl,TRUE,Chicago Bears,46,10,New England Patriots,CHI,-10,37.5,Louisiana Superdome,TRUE,72,0,,indoor
12/28/1986,1986,Wildcard,TRUE,New York Jets,35,15,Kansas City Chiefs,NYJ,-3,39,Giants Stadium,FALSE,,,,
12/28/1986,1986,Wildcard,TRUE,Washington Redskins,19,7,Los Angeles Rams,WAS,-4.5,40,RFK Memorial Stadium,FALSE,,,,
1/3/1987,1986,Division,TRUE,Chicago Bears,13,27,Washington Redskins,CHI,-7,34,Soldier Field,FALSE,,,,
1/3/1987,1986,Division,TRUE,Cleveland Browns,23,20,New York Jets,CLE,-7,41,Cleveland Municipal Stadium,FALSE,,,,
1/4/1987,1986,Division,TRUE,Denver Broncos,22,17,New England Patriots,DEN,-4,43,Mile High Stadium,FALSE,,,,
1/4/1987,1986,Division,TRUE,New York Giants,49,3,San Francisco 49ers,NYG,-3,39,Giants Stadium,FALSE,,,,
1/11/1987,1986,Conference,TRUE,Cleveland Browns,20,23,Denver Broncos,CLE,-3,38,Cleveland Municipal Stadium,FALSE,,,,
1/11/1987,1986,Conference,TRUE,New York Giants,17,0,Washington Redskins,NYG,-7,38,Giants Stadium,FALSE,,,,
1/25/1987,1986,Superbowl,TRUE,New York Giants,39,20,Denver Broncos,NYG,-9.5,40,Rose Bowl,TRUE,76,,,
1/3/1988,1987,Wildcard,TRUE,Houston Oilers,23,20,Seattle Seahawks,SEA,-2.5,45,Houston Astrodome,FALSE,72,0,,indoor
1/3/1988,1987,Wildcard,TRUE,New Orleans Saints,10,44,Minnesota Vikings,NO,-6.5,46,Louisiana Superdome,FALSE,72,0,,indoor
1/9/1988,1987,Division,TRUE,Cleveland Browns,38,21,Indianapolis Colts,CLE,-8,37,Cleveland Municipal Stadium,FALSE,,,,
1/9/1988,1987,Division,TRUE,San Francisco 49ers,24,36,Minnesota Vikings,SF,-11,47,Candlestick Park,FALSE,,,,
1/10/1988,1987,Division,TRUE,Chicago Bears,17,21,Washington Redskins,CHI,-4.5,38,Soldier Field,FALSE,,,,
1/10/1988,1987,Division,TRUE,Denver Broncos,34,10,Houston Oilers,DEN,-10,46,Mile High Stadium,FALSE,,,,
1/17/1988,1987,Conference,TRUE,Denver Broncos,38,33,Cleveland Browns,DEN,-3,45,Mile High Stadium,FALSE,,,,
1/17/1988,1987,Conference,TRUE,Washington Redskins,17,10,Minnesota Vikings,WAS,-3,45,RFK Memorial Stadium,FALSE,,,,
1/31/1988,1987,Superbowl,TRUE,Denver Broncos,10,42,Washington Redskins,DEN,-3,47,Jack Murphy Stadium,TRUE,61,10,,
12/24/1988,1988,Wildcard,TRUE,Cleveland Browns,23,24,Houston Oilers,CLE,-3,38,Cleveland Municipal Stadium,FALSE,,,,
12/26/1988,1988,Wildcard,TRUE,Minnesota Vikings,28,17,Los Angeles Rams,MIN,-5.5,42,Hubert H. Humphrey Metrodome,FALSE,72,0,,indoor
12/31/1988,1988,Division,TRUE,Chicago Bears,20,12,Philadelphia Eagles,CHI,-5.5,38,Soldier Field,FALSE,,,,fog
12/31/1988,1988,Division,TRUE,Cincinnati Bengals,21,13,Seattle Seahawks,CIN,-6.5,46,Cinergy Field,FALSE,,,,
1/1/1989,1988,Division,TRUE,Buffalo Bills,17,10,Houston Oilers,BUF,-3.5,37,Ralph Wilson Stadium,FALSE,,,,
1/1/1989,1988,Division,TRUE,San Francisco 49ers,34,9,Minnesota Vikings,SF,-3.5,44,Candlestick Park,FALSE,,,,
1/8/1989,1988,Conference,TRUE,Chicago Bears,3,28,San Francisco 49ers,SF,-2,35,Soldier Field,FALSE,,,,
1/8/1989,1988,Conference,TRUE,Cincinnati Bengals,21,10,Buffalo Bills,CIN,-4,41,Cinergy Field,FALSE,,,,
1/22/1989,1988,Superbowl,TRUE,San Francisco 49ers,20,16,Cincinnati Bengals,SF,-7,48,Joe Robbie Stadium,TRUE,76,25,,
12/31/1989,1989,Wildcard,TRUE,Houston Oilers,23,26,Pittsburgh Steelers,TEN,-7,43,Houston Astrodome,FALSE,72,0,,indoor
12/31/1989,1989,Wildcard,TRUE,Philadelphia Eagles,7,21,Los Angeles Rams,PHI,-3,39,Veterans Stadium,FALSE,,,,
1/6/1990,1989,Division,TRUE,Cleveland Browns,34,30,Buffalo Bills,CLE,-3.5,36,Cleveland Municipal Stadium,FALSE,,,,
1/6/1990,1989,Division,TRUE,San Francisco 49ers,41,13,Minnesota Vikings,SF,-7.5,44,Candlestick Park,FALSE,,,,
1/7/1990,1989,Division,TRUE,Denver Broncos,24,23,Pittsburgh Steelers,DEN,-10,38,Mile High Stadium,FALSE,,,,
1/7/1990,1989,Division,TRUE,New York Giants,13,19,Los Angeles Rams,NYG,-3,39,Giants Stadium,FALSE,,,,
1/14/1990,1989,Conference,TRUE,Denver Broncos,37,21,Cleveland Browns,DEN,-3.5,40,Mile High Stadium,FALSE,,,,
1/14/1990,1989,Conference,TRUE,San Francisco 49ers,30,3,Los Angeles Rams,SF,-7,46,Candlestick Park,FALSE,,,,
1/28/1990,1989,Superbowl,TRUE,San Francisco 49ers,55,10,Denver Broncos,SF,-12,48,Louisiana Superdome,TRUE,72,0,,indoor
1/5/1991,1990,Wildcard,TRUE,Miami Dolphins,17,16,Kansas City Chiefs,MIA,-2.5,41,Sun Life Stadium,FALSE,,,,
1/5/1991,1990,Wildcard,TRUE,Philadelphia Eagles,6,20,Washington Redskins,PHI,-4.5,40,Veterans Stadium,FALSE,,,,
1/6/1991,1990,Wildcard,TRUE,Chicago Bears,16,6,New Orleans Saints,CHI,-6.5,32,Soldier Field,FALSE,,,,
1/6/1991,1990,Wildcard,TRUE,Cincinnati Bengals,41,14,Houston Oilers,CIN,-3.5,42,Cinergy Field,FALSE,,,,
1/12/1991,1990,Division,TRUE,Buffalo Bills,44,34,Miami Dolphins,BUF,-7,34,Ralph Wilson Stadium,FALSE,,,,
1/12/1991,1990,Division,TRUE,San Francisco 49ers,28,10,Washington Redskins,SF,-8,41,Candlestick Park,FALSE,,,,
1/13/1991,1990,Division,TRUE,Los Angeles Raiders,20,10,Cincinnati Bengals,LVR,-6,43,Los Angeles Memorial Coliseum,FALSE,,,,
1/13/1991,1990,Division,TRUE,New York Giants,31,3,Chicago Bears,NYG,-7,33,Giants Stadium,FALSE,,,,
1/20/1991,1990,Conference,TRUE,Buffalo Bills,51,3,Los Angeles Raiders,BUF,-7,37,Ralph Wilson Stadium,FALSE,,,,
1/20/1991,1990,Conference,TRUE,San Francisco 49ers,13,15,New York Giants,SF,-8,37,Candlestick Park,FALSE,,,,
1/27/1991,1990,Superbowl,TRUE,Buffalo Bills,19,20,New York Giants,BUF,-7,40.5,Tampa Stadium,TRUE,71,,,
12/28/1991,1991,Wildcard,TRUE,Kansas City Chiefs,10,6,Los Angeles Raiders,KC,-5,36,Arrowhead Stadium,FALSE,,,,
12/28/1991,1991,Wildcard,TRUE,New Orleans Saints,20,27,Atlanta Falcons,NO,-6,39,Louisiana Superdome,FALSE,72,0,,indoor
12/29/1991,1991,Wildcard,TRUE,Chicago Bears,13,17,Dallas Cowboys,CHI,-3,37,Soldier Field,FALSE,,,,
12/29/1991,1991,Wildcard,TRUE,Houston Oilers,17,10,New York Jets,TEN,-9,44,Houston Astrodome,FALSE,72,0,,indoor
1/4/1992,1991,Division,TRUE,Denver Broncos,26,24,Houston Oilers,DEN,-3.5,37,Mile High Stadium,FALSE,,,,
1/4/1992,1991,Division,TRUE,Washington Redskins,24,7,Atlanta Falcons,WAS,-11.5,43,RFK Memorial Stadium,FALSE,,,,
1/5/1992,1991,Division,TRUE,Buffalo Bills,37,14,Kansas City Chiefs,BUF,-10.5,41,Ralph Wilson Stadium,FALSE,,,,
1/5/1992,1991,Division,TRUE,Detroit Lions,38,6,Dallas Cowboys,PICK,0,43,Pontiac Silverdome,FALSE,72,0,,indoor
1/12/1992,1991,Conference,TRUE,Buffalo Bills,10,7,Denver Broncos,BUF,-12,46,Ralph Wilson Stadium,FALSE,,,,
1/12/1992,1991,Conference,TRUE,Washington Redskins,41,10,Detroit Lions,WAS,-14,43,RFK Memorial Stadium,FALSE,,,,
1/26/1992,1991,Superbowl,TRUE,Washington Redskins,37,24,Buffalo Bills,WAS,-7,49,Hubert H. Humphrey Metrodome,TRUE,72,0,,indoor
1/2/1993,1992,Wildcard,TRUE,Minnesota Vikings,7,24,Washington Redskins,MIN,-3.5,37,Hubert H. Humphrey Metrodome,FALSE,72,0,,indoor
1/2/1993,1992,Wildcard,TRUE,San Diego Chargers,17,0,Kansas City Chiefs,LAC,-3,37,Qualcomm Stadium,FALSE,,,,
1/3/1993,1992,Wildcard,TRUE,Buffalo Bills,41,38,Houston Oilers,BUF,-2,37,Ralph Wilson Stadium,FALSE,,,,
1/3/1993,1992,Wildcard,TRUE,New Orleans Saints,20,36,Philadelphia Eagles,NO,-3.5,35,Louisiana Superdome,FALSE,72,0,,indoor
1/9/1993,1992,Division,TRUE,Pittsburgh Steelers,3,24,Buffalo Bills,PIT,-2,36,Three Rivers Stadium,FALSE,,,,
1/9/1993,1992,Division,TRUE,San Francisco 49ers,20,13,Washington Redskins,SF,-9.5,39,Candlestick Park,FALSE,,,,
1/10/1993,1992,Division,TRUE,Dallas Cowboys,34,10,Philadelphia Eagles,DAL,-6.5,38,Texas Stadium,FALSE,,,,
1/10/1993,1992,Division,TRUE,Miami Dolphins,31,0,San Diego Chargers,MIA,-2,37,Sun Life Stadium,FALSE,,,,
1/17/1993,1992,Conference,TRUE,Miami Dolphins,10,29,Buffalo Bills,BUF,-2.5,41,Sun Life Stadium,FALSE,,,,
1/17/1993,1992,Conference,TRUE,San Francisco 49ers,20,30,Dallas Cowboys,SF,-4,37,Candlestick Park,FALSE,,,,
1/31/1993,1992,Superbowl,TRUE,Dallas Cowboys,52,17,Buffalo Bills,DAL,-6.5,44.5,Rose Bowl,TRUE,61,,,
1/8/1994,1993,Wildcard,TRUE,Detroit Lions,24,28,Green Bay Packers,DET,-1.5,38.5,Pontiac Silverdome,FALSE,72,0,,indoor
1/8/1994,1993,Wildcard,TRUE,Kansas City Chiefs,27,24,Pittsburgh Steelers,KC,-7.5,36,Arrowhead Stadium,FALSE,,,,
1/9/1994,1993,Wildcard,TRUE,Los Angeles Raiders,42,24,Denver Broncos,LVR,-2,41,Los Angeles Memorial Coliseum,FALSE,,,,
1/9/1994,1993,Wildcard,TRUE,New York Giants,17,10,Minnesota Vikings,NYG,-6.5,33,Giants Stadium,FALSE,,,,
1/15/1994,1993,Division,TRUE,Buffalo Bills,29,23,Los Angeles Raiders,BUF,-7,33.5,Ralph Wilson Stadium,FALSE,,,,
1/15/1994,1993,Division,TRUE,San Francisco 49ers,44,3,New York Giants,SF,-8,41.5,Candlestick Park,FALSE,,,,
1/16/1994,1993,Division,TRUE,Dallas Cowboys,27,17,Green Bay Packers,DAL,-13.5,42,Texas Stadium,FALSE,,,,
1/16/1994,1993,Division,TRUE,Houston Oilers,20,28,Kansas City Chiefs,TEN,-7,41.5,Houston Astrodome,FALSE,72,0,,indoor
1/23/1994,1993,Conference,TRUE,Buffalo Bills,30,13,Kansas City Chiefs,BUF,-3,39,Ralph Wilson Stadium,FALSE,,,,
1/23/1994,1993,Conference,TRUE,Dallas Cowboys,38,21,San Francisco 49ers,DAL,-3,48,Texas Stadium,FALSE,,,,
1/30/1994,1993,Superbowl,TRUE,Dallas Cowboys,30,13,Buffalo Bills,DAL,-10.5,50.5,Georgia Dome,TRUE,72,0,,indoor
12/31/1994,1994,Wildcard,TRUE,Green Bay Packers,16,12,Detroit Lions,GB,-4.5,40,Lambeau Field,FALSE,,,,
12/31/1994,1994,Wildcard,TRUE,Miami Dolphins,27,17,Kansas City Chiefs,MIA,-3,45,Sun Life Stadium,FALSE,,,,
1/1/1995,1994,Wildcard,TRUE,Cleveland Browns,20,13,New England Patriots,CLE,-3,35.5,Cleveland Municipal Stadium,FALSE,,,,
1/1/1995,1994,Wildcard,TRUE,Minnesota Vikings,18,35,Chicago Bears,MIN,-6,38,Hubert H. Humphrey Metrodome,FALSE,72,0,,indoor
1/7/1995,1994,Division,TRUE,Pittsburgh Steelers,29,9,Cleveland Browns,PIT,-3.5,32.5,Three Rivers Stadium,FALSE,,,,
1/7/1995,1994,Division,TRUE,San Francisco 49ers,44,15,Chicago Bears,SF,-15.5,46.5,Candlestick Park,FALSE,,,,
1/8/1995,1994,Division,TRUE,Dallas Cowboys,35,9,Green Bay Packers,DAL,-10,43,Texas Stadium,FALSE,,,,
1/8/1995,1994,Division,TRUE,San Diego Chargers,22,21,Miami Dolphins,LAC,-3,46,Qualcomm Stadium,FALSE,,,,
1/15/1995,1994,Conference,TRUE,Pittsburgh Steelers,13,17,San Diego Chargers,PIT,-6,35,Three Rivers Stadium,FALSE,,,,
1/15/1995,1994,Conference,TRUE,San Francisco 49ers,38,28,Dallas Cowboys,SF,-7,48,Candlestick Park,FALSE,,,,
1/29/1995,1994,Superbowl,TRUE,San Francisco 49ers,49,26,San Diego Chargers,SF,-18.5,53.5,Joe Robbie Stadium,TRUE,76,,,
12/30/1995,1995,Wildcard,TRUE,Buffalo Bills,37,22,Miami Dolphins,BUF,-3.5,42.5,Ralph Wilson Stadium,FALSE,,,,
12/30/1995,1995,Wildcard,TRUE,Philadelphia Eagles,58,37,Detroit Lions,DET,-3,42,Veterans Stadium,FALSE,,,,
12/31/1995,1995,Wildcard,TRUE,Green Bay Packers,37,20,Atlanta Falcons,GB,-9.5,44,Lambeau Field,FALSE,,,,
12/31/1995,1995,Wildcard,TRUE,San Diego Chargers,20,35,Indianapolis Colts,LAC,-5.5,40,Qualcomm Stadium,FALSE,,,,
1/6/1996,1995,Division,TRUE,Pittsburgh Steelers,40,21,Buffalo Bills,PIT,-6,42,Three Rivers Stadium,FALSE,,,,
1/6/1996,1995,Division,TRUE,San Francisco 49ers,17,27,Green Bay Packers,SF,-9.5,52,Candlestick Park,FALSE,,,,
1/7/1996,1995,Division,TRUE,Dallas Cowboys,30,11,Philadelphia Eagles,DAL,-13.5,45.5,Texas Stadium,FALSE,,,,
1/7/1996,1995,Division,TRUE,Kansas City Chiefs,7,10,Indianapolis Colts,KC,-8,41.5,Arrowhead Stadium,FALSE,,,,
1/14/1996,1995,Conference,TRUE,Dallas Cowboys,38,27,Green Bay Packers,DAL,-9,50.5,Texas Stadium,FALSE,,,,
1/14/1996,1995,Conference,TRUE,Pittsburgh Steelers,20,16,Indianapolis Colts,PIT,-11,43,Three Rivers Stadium,FALSE,,,,
1/28/1996,1995,Superbowl,TRUE,Dallas Cowboys,27,17,Pittsburgh Steelers,DAL,-13.5,51,Sun Devil Stadium,TRUE,68,,,
12/28/1996,1996,Wildcard,TRUE,Buffalo Bills,27,30,Jacksonville Jaguars,BUF,-8.5,38,Ralph Wilson Stadium,FALSE,,,,
12/28/1996,1996,Wildcard,TRUE,Dallas Cowboys,40,15,Minnesota Vikings,DAL,-10,40,Texas Stadium,FALSE,,,,
12/29/1996,1996,Wildcard,TRUE,Pittsburgh Steelers,42,14,Indianapolis Colts,PIT,-8,37,Three Rivers Stadium,FALSE,,,,
12/29/1996,1996,Wildcard,TRUE,San Francisco 49ers,14,0,Philadelphia Eagles,SF,-10.5,42,Candlestick Park,FALSE,,,,
1/4/1997,1996,Division,TRUE,Denver Broncos,27,30,Jacksonville Jaguars,DEN,-12.5,43.5,Mile High Stadium,FALSE,,,,
1/4/1997,1996,Division,TRUE,Green Bay Packers,35,14,San Francisco 49ers,GB,-5,41.5,Lambeau Field,FALSE,,,,
1/5/1997,1996,Division,TRUE,Carolina Panthers,26,17,Dallas Cowboys,DAL,-3.5,37.5,Bank of America Stadium,FALSE,,,,
1/5/1997,1996,Division,TRUE,New England Patriots,28,3,Pittsburgh Steelers,NE,-3,41.5,Foxboro Stadium,FALSE,,,,fog
1/12/1997,1996,Conference,TRUE,Green Bay Packers,30,13,Carolina Panthers,GB,-12,39,Lambeau Field,FALSE,,,,
1/12/1997,1996,Conference,TRUE,New England Patriots,20,6,Jacksonville Jaguars,NE,-7.5,44,Foxboro Stadium,FALSE,,,,
1/26/1997,1996,Superbowl,TRUE,Green Bay Packers,35,21,New England Patriots,GB,-14,49,Louisiana Superdome,TRUE,72,0,,indoor
12/27/1997,1997,Wildcard,TRUE,Denver Broncos,42,17,Jacksonville Jaguars,DEN,-6.5,45.5,Mile High Stadium,FALSE,,,,
12/27/1997,1997,Wildcard,TRUE,New York Giants,22,23,Minnesota Vikings,NYG,-4.5,38,Giants Stadium,FALSE,,,,
12/28/1997,1997,Wildcard,TRUE,New England Patriots,17,3,Miami Dolphins,NE,-5,41.5,Foxboro Stadium,FALSE,,,,
12/28/1997,1997,Wildcard,TRUE,Tampa Bay Buccaneers,20,10,Detroit Lions,TB,-3,38.5,Houlihan's Stadium,FALSE,,,,
1/3/1998,1997,Division,TRUE,Pittsburgh Steelers,7,6,New England Patriots,PIT,-6,42,Three Rivers Stadium,FALSE,,,,
1/3/1998,1997,Division,TRUE,San Francisco 49ers,38,22,Minnesota Vikings,SF,-11.5,42,Candlestick Park,FALSE,,,,
1/4/1998,1997,Division,TRUE,Green Bay Packers,21,7,Tampa Bay Buccaneers,GB,-13,38,Lambeau Field,FALSE,,,,
1/4/1998,1997,Division,TRUE,Kansas City Chiefs,10,14,Denver Broncos,PICK,0,41,Arrowhead Stadium,FALSE,,,,
1/11/1998,1997,Conference,TRUE,Pittsburgh Steelers,21,24,Denver Broncos,PIT,-1,41,Three Rivers Stadium,FALSE,,,,
1/11/1998,1997,Conference,TRUE,San Francisco 49ers,10,23,Green Bay Packers,GB,-1.5,43.5,Candlestick Park,FALSE,,,,
1/25/1998,1997,Superbowl,TRUE,Green Bay Packers,24,31,Denver Broncos,GB,-11,49,Qualcomm Stadium,TRUE,67,,,
1/2/1999,1998,Wildcard,TRUE,Dallas Cowboys,7,20,Arizona Cardinals,DAL,-7,42,Texas Stadium,FALSE,,,,
1/2/1999,1998,Wildcard,TRUE,Miami Dolphins,24,17,Buffalo Bills,MIA,-2.5,43,Sun Life Stadium,FALSE,,,,
1/3/1999,1998,Wildcard,TRUE,Jacksonville Jaguars,25,10,New England Patriots,JAX,-8.5,41,EverBank Field,FALSE,,,,
1/3/1999,1998,Wildcard,TRUE,San Francisco 49ers,30,27,Green Bay Packers,SF,-3,49.5,Candlestick Park,FALSE,,,,
1/9/1999,1998,Division,TRUE,Atlanta Falcons,20,18,San Francisco 49ers,ATL,-3.5,53,Georgia Dome,FALSE,72,0,,indoor
1/9/1999,1998,Division,TRUE,Denver Broncos,38,3,Miami Dolphins,DEN,-13.5,48,Mile High Stadium,FALSE,,,,
1/10/1999,1998,Division,TRUE,Minnesota Vikings,41,21,Arizona Cardinals,MIN,-16.5,52.5,Hubert H. Humphrey Metrodome,FALSE,72,0,,indoor
1/10/1999,1998,Division,TRUE,New York Jets,34,24,Jacksonville Jaguars,NYJ,-9,43,Giants Stadium,FALSE,,,,
1/17/1999,1998,Conference,TRUE,Denver Broncos,23,10,New York Jets,DEN,-9,50.5,Mile High Stadium,FALSE,,,,
1/17/1999,1998,Conference,TRUE,Minnesota Vikings,27,30,Atlanta Falcons,MIN,-11,55.5,Hubert H. Humphrey Metrodome,FALSE,72,0,,indoor
1/31/1999,1998,Superbowl,TRUE,Denver Broncos,34,19,Atlanta Falcons,DEN,-7.5,52.5,Pro Player Stadium,TRUE,73,,,
1/8/2000,1999,Wildcard,TRUE,Tennessee Titans,22,16,Buffalo Bills,TEN,-5,39,Nissan Stadium,FALSE,,,,
1/8/2000,1999,Wildcard,TRUE,Washington Redskins,27,13,Detroit Lions,WAS,-6,46,FedEx Field,FALSE,,,,
1/9/2000,1999,Wildcard,TRUE,Minnesota Vikings,27,10,Dallas Cowboys,MIN,-7,46.5,Hubert H. Humphrey Metrodome,FALSE,72,0,,indoor
1/9/2000,1999,Wildcard,TRUE,Seattle Seahawks,17,20,Miami Dolphins,SEA,-3.5,39,Seattle Kingdome,FALSE,72,0,,indoor
1/15/2000,1999,Division,TRUE,Jacksonville Jaguars,62,7,Miami Dolphins,JAX,-8,37.5,EverBank Field,FALSE,,,,
1/15/2000,1999,Division,TRUE,Tampa Bay Buccaneers,14,13,Washington Redskins,TB,-4.5,38,Raymond James Stadium,FALSE,,,,
1/16/2000,1999,Division,TRUE,Indianapolis Colts,16,19,Tennessee Titans,IND,-5.5,46.5,RCA Dome,FALSE,72,0,,indoor
1/16/2000,1999,Division,TRUE,St. Louis Rams,49,37,Minnesota Vikings,LAR,-7,52,Edward Jones Dome,FALSE,72,0,,indoor
1/23/2000,1999,Conference,TRUE,Jacksonville Jaguars,14,33,Tennessee Titans,JAX,-7,39.5,EverBank Field,FALSE,,,,
1/23/2000,1999,Conference,TRUE,St. Louis Rams,11,6,Tampa Bay Buccaneers,LAR,-14,46,Edward Jones Dome,FALSE,72,0,,indoor
1/30/2000,1999,Superbowl,TRUE,St. Louis Rams,23,16,Tennessee Titans,LAR,-7,45,Georgia Dome,TRUE,72,0,,indoor
12/30/2000,2000,Wildcard,TRUE,Miami Dolphins,23,17,Indianapolis Colts,IND,-1.5,42,Sun Life Stadium,FALSE,,,,
12/30/2000,2000,Wildcard,TRUE,New Orleans Saints,31,28,St. Louis Rams,LAR,-5.5,55,Louisiana Superdome,FALSE,72,0,,indoor
12/31/2000,2000,Wildcard,TRUE,Baltimore Ravens,21,3,Denver Broncos,BAL,-3.5,41,M&T Bank Stadium,FALSE,,,,
12/31/2000,2000,Wildcard,TRUE,Philadelphia Eagles,21,3,Tampa Bay Buccaneers,TB,-3,34,Veterans Stadium,FALSE,,,,
1/6/2001,2000,Division,TRUE,Minnesota Vikings,34,16,New Orleans Saints,MIN,-8,49.5,Hubert H. Humphrey Metrodome,FALSE,72,0,,indoor
1/6/2001,2000,Division,TRUE,Oakland Raiders,27,0,Miami Dolphins,LVR,-9,42,Oakland Coliseum,FALSE,,,,
1/7/2001,2000,Division,TRUE,New York Giants,20,10,Philadelphia Eagles,NYG,-4.5,33.5,Giants Stadium,FALSE,,,,
1/7/2001,2000,Division,TRUE,Tennessee Titans,10,24,Baltimore Ravens,TEN,-6,34,Nissan Stadium,FALSE,,,,
1/14/2001,2000,Conference,TRUE,New York Giants,41,0,Minnesota Vikings,MIN,-1,41.5,Giants Stadium,FALSE,,,,
1/14/2001,2000,Conference,TRUE,Oakland Raiders,3,16,Baltimore Ravens,LVR,-6,38,Oakland Coliseum,FALSE,,,,
1/28/2001,2000,Superbowl,TRUE,Baltimore Ravens,34,7,New York Giants,BAL,-3,33,Raymond James Stadium,TRUE,65,,,
1/12/2002,2001,Wildcard,TRUE,Oakland Raiders,38,24,New York Jets,LVR,-4.5,42,Oakland Coliseum,FALSE,,,,
1/12/2002,2001,Wildcard,TRUE,Philadelphia Eagles,31,9,Tampa Bay Buccaneers,PHI,-3.5,33,Veterans Stadium,FALSE,,,,
1/13/2002,2001,Wildcard,TRUE,Green Bay Packers,25,15,San Francisco 49ers,GB,-3.5,39,Lambeau Field,FALSE,,,,
1/13/2002,2001,Wildcard,TRUE,Miami Dolphins,3,20,Baltimore Ravens,MIA,-2.5,33,Sun Life Stadium,FALSE,,,,
1/19/2002,2001,Division,TRUE,Chicago Bears,19,33,Philadelphia Eagles,CHI,-3,32.5,Memorial Stadium (Champaign),FALSE,,,,
1/19/2002,2001,Division,TRUE,New England Patriots,16,13,Oakland Raiders,NE,-3,41.5,Foxboro Stadium,FALSE,,,,snow
1/20/2002,2001,Division,TRUE,Pittsburgh Steelers,27,10,Baltimore Ravens,PIT,-5.5,32,Heinz Field,FALSE,,,,
1/20/2002,2001,Division,TRUE,St. Louis Rams,45,17,Green Bay Packers,LAR,-11,54.5,Edward Jones Dome,FALSE,72,0,,indoor
1/27/2002,2001,Conference,TRUE,Pittsburgh Steelers,17,24,New England Patriots,PIT,-10,35.5,Heinz Field,FALSE,,,,
1/27/2002,2001,Conference,TRUE,St. Louis Rams,29,24,Philadelphia Eagles,LAR,-11,51,Edward Jones Dome,FALSE,72,0,,indoor
2/3/2002,2001,Superbowl,TRUE,St. Louis Rams,17,20,New England Patriots,LAR,-14,53,Louisiana Superdome,TRUE,72,0,,indoor
1/4/2003,2002,Wildcard,TRUE,Green Bay Packers,7,27,Atlanta Falcons,GB,-6.5,40.5,Lambeau Field,FALSE,,,,
1/4/2003,2002,Wildcard,TRUE,New York Jets,41,0,Indianapolis Colts,NYJ,-6,42,Giants Stadium,FALSE,,,,
1/5/2003,2002,Wildcard,TRUE,Pittsburgh Steelers,36,33,Cleveland Browns,PIT,-8,43,Heinz Field,FALSE,,,,
1/5/2003,2002,Wildcard,TRUE,San Francisco 49ers,39,38,New York Giants,SF,-3,41,Candlestick Park,FALSE,,,,
1/11/2003,2002,Division,TRUE,Philadelphia Eagles,20,6,Atlanta Falcons,PHI,-7.5,38.5,Veterans Stadium,FALSE,,,,
1/11/2003,2002,Division,TRUE,Tennessee Titans,34,31,Pittsburgh Steelers,TEN,-4.5,44,Nissan Stadium,FALSE,,,,
1/12/2003,2002,Division,TRUE,Oakland Raiders,30,10,New York Jets,LVR,-5.5,47,Oakland Coliseum,FALSE,,,,
1/12/2003,2002,Division,TRUE,Tampa Bay Buccaneers,31,6,San Francisco 49ers,TB,-6,39.5,Raymond James Stadium,FALSE,,,,
1/19/2003,2002,Conference,TRUE,Oakland Raiders,41,24,Tennessee Titans,LVR,-9,46,Oakland Coliseum,FALSE,,,,
1/19/2003,2002,Conference,TRUE,Philadelphia Eagles,10,27,Tampa Bay Buccaneers,PHI,-4,33.5,Veterans Stadium,FALSE,,,,
1/26/2003,2002,Superbowl,TRUE,Oakland Raiders,21,48,Tampa Bay Buccaneers,LVR,-4,44,Qualcomm Stadium,TRUE,81,,,
1/3/2004,2003,Wildcard,TRUE,Baltimore Ravens,17,20,Tennessee Titans,TEN,-1,38,M&T Bank Stadium,FALSE,,,,
1/3/2004,2003,Wildcard,TRUE,Carolina Panthers,29,10,Dallas Cowboys,CAR,-3,34,Bank of America Stadium,FALSE,,,,
1/4/2004,2003,Wildcard,TRUE,Green Bay Packers,33,27,Seattle Seahawks,GB,-7.5,43.5,Lambeau Field,FALSE,,,,
1/4/2004,2003,Wildcard,TRUE,Indianapolis Colts,41,10,Denver Broncos,IND,-3,49,RCA Dome,FALSE,72,0,,indoor
1/10/2004,2003,Division,TRUE,New England Patriots,17,14,Tennessee Titans,NE,-6,34,Gillette Stadium,FALSE,,,,
1/10/2004,2003,Division,TRUE,St. Louis Rams,23,29,Carolina Panthers,LAR,-7,46,Edward Jones Dome,FALSE,72,0,,indoor
1/11/2004,2003,Division,TRUE,Kansas City Chiefs,31,38,Indianapolis Colts,KC,-3,53,Arrowhead Stadium,FALSE,,,,
1/11/2004,2003,Division,TRUE,Philadelphia Eagles,20,17,Green Bay Packers,PHI,-4,43,Lincoln Financial Field,FALSE,,,,
1/18/2004,2003,Conference,TRUE,New England Patriots,24,14,Indianapolis Colts,NE,-3.5,42,Gillette Stadium,FALSE,,,,
1/18/2004,2003,Conference,TRUE,Philadelphia Eagles,3,14,Carolina Panthers,PHI,-4,36.5,Lincoln Financial Field,FALSE,,,,
2/1/2004,2003,Superbowl,TRUE,New England Patriots,32,29,Carolina Panthers,NE,-7,37.5,Reliant Stadium,TRUE,72,0,,indoor
1/8/2005,2004,Wildcard,TRUE,San Diego Chargers,17,20,New York Jets,LAC,-6.5,42.5,Qualcomm Stadium,FALSE,,,,
1/8/2005,2004,Wildcard,TRUE,Seattle Seahawks,20,27,St. Louis Rams,SEA,-4,51,CenturyLink Field,FALSE,,,,
1/9/2005,2004,Wildcard,TRUE,Green Bay Packers,17,31,Minnesota Vikings,GB,-6,52.5,Lambeau Field,FALSE,,,,
1/9/2005,2004,Wildcard,TRUE,Indianapolis Colts,49,24,Denver Broncos,IND,-10,56,RCA Dome,FALSE,72,0,,indoor
1/15/2005,2004,Division,TRUE,Atlanta Falcons,47,17,St. Louis Rams,ATL,-6.5,49,Georgia Dome,FALSE,72,0,,indoor
1/15/2005,2004,Division,TRUE,Pittsburgh Steelers,20,17,New York Jets,PIT,-9,35.5,Heinz Field,FALSE,,,,
1/16/2005,2004,Division,TRUE,New England Patriots,20,3,Indianapolis Colts,NE,-1,51,Gillette Stadium,FALSE,,,,
1/16/2005,2004,Division,TRUE,Philadelphia Eagles,27,14,Minnesota Vikings,PHI,-8,47,Lincoln Financial Field,FALSE,,,,
1/23/2005,2004,Conference,TRUE,Philadelphia Eagles,27,10,Atlanta Falcons,PHI,-6,37,Lincoln Financial Field,FALSE,,,,
1/23/2005,2004,Conference,TRUE,Pittsburgh Steelers,27,41,New England Patriots,NE,-3,36.5,Heinz Field,FALSE,,,,
2/6/2005,2004,Superbowl,TRUE,Philadelphia Eagles,21,24,New England Patriots,NE,-7,46.5,Alltel Stadium,TRUE,59,,,
1/7/2006,2005,Wildcard,TRUE,New England Patriots,28,3,Jacksonville Jaguars,NE,-8,37.5,Gillette Stadium,FALSE,,,,
1/7/2006,2005,Wildcard,TRUE,Tampa Bay Buccaneers,10,17,Washington Redskins,TB,-2.5,37.5,Raymond James Stadium,FALSE,,,,
1/8/2006,2005,Wildcard,TRUE,Cincinnati Bengals,17,31,Pittsburgh Steelers,PIT,-3,44,Paul Brown Stadium,FALSE,,,,
1/8/2006,2005,Wildcard,TRUE,New York Giants,0,23,Carolina Panthers,NYG,-3,43.5,Giants Stadium,FALSE,,,,
1/14/2006,2005,Division,TRUE,Denver Broncos,27,13,New England Patriots,DEN,-3,44,Sports Authority Field at Mile High,FALSE,,,,
1/14/2006,2005,Division,TRUE,Seattle Seahawks,20,10,Washington Redskins,SEA,-8.5,41,CenturyLink Field,FALSE,,,,
1/15/2006,2005,Division,TRUE,Chicago Bears,21,29,Carolina Panthers,CHI,-3,31,Soldier Field,FALSE,,,,
1/15/2006,2005,Division,TRUE,Indianapolis Colts,18,21,Pittsburgh Steelers,IND,-8.5,46.5,RCA Dome,FALSE,72,0,,indoor
1/22/2006,2005,Conference,TRUE,Denver Broncos,17,34,Pittsburgh Steelers,DEN,-3.5,41,Sports Authority Field at Mile High,FALSE,,,,
1/22/2006,2005,Conference,TRUE,Seattle Seahawks,34,14,Carolina Panthers,SEA,-5.5,43,CenturyLink Field,FALSE,,,,
2/5/2006,2005,Superbowl,TRUE,Pittsburgh Steelers,21,10,Seattle Seahawks,PIT,-4,47,Ford Field,TRUE,72,0,,indoor
1/6/2007,2006,Wildcard,TRUE,Indianapolis Colts,23,8,Kansas City Chiefs,IND,-6.5,51,RCA Dome,FALSE,72,0,,indoor
1/6/2007,2006,Wildcard,TRUE,Seattle Seahawks,21,20,Dallas Cowboys,SEA,-2,48.5,CenturyLink Field,FALSE,,,,
1/7/2007,2006,Wildcard,TRUE,New England Patriots,37,16,New York Jets,NE,-9,38.5,Gillette Stadium,FALSE,,,,
1/7/2007,2006,Wildcard,TRUE,Philadelphia Eagles,23,20,New York Giants,PHI,-6,46.5,Lincoln Financial Field,FALSE,,,,
1/13/2007,2006,Division,TRUE,Baltimore Ravens,6,15,Indianapolis Colts,BAL,-4,41,M&T Bank Stadium,FALSE,,,,
1/13/2007,2006,Division,TRUE,New Orleans Saints,27,24,Philadelphia Eagles,NO,-4.5,48.5,Louisiana Superdome,FALSE,72,0,,indoor
1/14/2007,2006,Division,TRUE,Chicago Bears,27,24,Seattle Seahawks,CHI,-8.5,37.5,Soldier Field,FALSE,,,,
1/14/2007,2006,Division,TRUE,San Diego Chargers,21,24,New England Patriots,LAC,-5,46.5,Qualcomm Stadium,FALSE,,,,
1/21/2007,2006,Conference,TRUE,Chicago Bears,39,14,New Orleans Saints,CHI,-3,43,Soldier Field,FALSE,,,,
1/21/2007,2006,Conference,TRUE,Indianapolis Colts,38,34,New England Patriots,IND,-3,47,RCA Dome,FALSE,72,0,,indoor
2/4/2007,2006,Superbowl,TRUE,Indianapolis Colts,29,17,Chicago Bears,IND,-7,47,Dolphin Stadium,TRUE,67,,,rain
1/5/2008,2007,Wildcard,TRUE,Pittsburgh Steelers,29,31,Jacksonville Jaguars,JAX,-2.5,40,Heinz Field,FALSE,,,,
1/5/2008,2007,Wildcard,TRUE,Seattle Seahawks,35,14,Washington Redskins,SEA,-3.5,38.5,CenturyLink Field,FALSE,,,,
1/6/2008,2007,Wildcard,TRUE,San Diego Chargers,17,6,Tennessee Titans,LAC,-10,39,Qualcomm Stadium,FALSE,,,,
1/6/2008,2007,Wildcard,TRUE,Tampa Bay Buccaneers,14,24,New York Giants,TB,-3,39.5,Raymond James Stadium,FALSE,,,,
1/12/2008,2007,Division,TRUE,Green Bay Packers,42,20,Seattle Seahawks,GB,-7.5,44,Lambeau Field,FALSE,31,4,81,snow
1/12/2008,2007,Division,TRUE,New England Patriots,31,20,Jacksonville Jaguars,NE,-13.5,51.5,Gillette Stadium,FALSE,,,,
1/13/2008,2007,Division,TRUE,Dallas Cowboys,17,21,New York Giants,DAL,-7,47.5,Texas Stadium,FALSE,,,,
1/13/2008,2007,Division,TRUE,Indianapolis Colts,24,28,San Diego Chargers,IND,-11,47,RCA Dome,FALSE,72,0,,indoor
1/20/2008,2007,Conference,TRUE,Green Bay Packers,20,23,New York Giants,GB,-7.5,41.5,Lambeau Field,FALSE,,,,
1/20/2008,2007,Conference,TRUE,New England Patriots,21,12,San Diego Chargers,NE,-14,48,Gillette Stadium,FALSE,,,,
2/3/2008,2007,Superbowl,TRUE,New England Patriots,14,17,New York Giants,NE,-12,55,University of Phoenix Stadium,TRUE,72,0,,indoor
1/3/2009,2008,Wildcard,TRUE,Arizona Cardinals,30,24,Atlanta Falcons,ARI,-2,52,University of Phoenix Stadium,FALSE,72,0,,indoor
1/3/2009,2008,Wildcard,TRUE,San Diego Chargers,23,17,Indianapolis Colts,IND,-2.5,50,Qualcomm Stadium,FALSE,,,,
1/4/2009,2008,Wildcard,TRUE,Miami Dolphins,9,27,Baltimore Ravens,BAL,-3.5,38,Sun Life Stadium,FALSE,,,,
1/4/2009,2008,Wildcard,TRUE,Minnesota Vikings,14,26,Philadelphia Eagles,PHI,-3.5,41,Hubert H. Humphrey Metrodome,FALSE,72,0,,indoor
1/10/2009,2008,Division,TRUE,Carolina Panthers,13,33,Arizona Cardinals,CAR,-10,49.5,Bank of America Stadium,FALSE,,,,
1/10/2009,2008,Division,TRUE,Tennessee Titans,10,13,Baltimore Ravens,TEN,-3,33.5,Nissan Stadium,FALSE,,,,
1/11/2009,2008,Division,TRUE,New York Giants,11,23,Philadelphia Eagles,NYG,-4,39,Giants Stadium,FALSE,,,,
1/11/2009,2008,Division,TRUE,Pittsburgh Steelers,35,24,San Diego Chargers,PIT,-6.5,38.5,Heinz Field,FALSE,,,,
1/18/2009,2008,Conference,TRUE,Arizona Cardinals,32,25,Philadelphia Eagles,PHI,-3.5,47,University of Phoenix Stadium,FALSE,72,0,,indoor
1/18/2009,2008,Conference,TRUE,Pittsburgh Steelers,23,14,Baltimore Ravens,PIT,-6,35.5,Heinz Field,FALSE,,,,
2/1/2009,2008,Superbowl,TRUE,Arizona Cardinals,23,27,Pittsburgh Steelers,PIT,-7,46,Raymond James Stadium,TRUE,66,,,
1/9/2010,2009,Wildcard,TRUE,Cincinnati Bengals,14,24,New York Jets,CIN,-2.5,34.5,Paul Brown Stadium,FALSE,,,,
1/9/2010,2009,Wildcard,TRUE,Dallas Cowboys,34,14,Philadelphia Eagles,DAL,-3.5,46,Cowboys Stadium,FALSE,,,,
1/10/2010,2009,Wildcard,TRUE,Arizona Cardinals,51,45,Green Bay Packers,GB,-2.5,48,University of Phoenix Stadium,FALSE,72,0,,indoor
1/10/2010,2009,Wildcard,TRUE,New England Patriots,14,33,Baltimore Ravens,NE,-4,44,Gillette Stadium,FALSE,,,,
1/16/2010,2009,Division,TRUE,Indianapolis Colts,20,3,Baltimore Ravens,IND,-6.5,44,Lucas Oil Stadium,FALSE,72,0,,indoor
1/16/2010,2009,Division,TRUE,New Orleans Saints,45,14,Arizona Cardinals,NO,-7,57,Louisiana Superdome,FALSE,72,0,,indoor
1/17/2010,2009,Division,TRUE,Minnesota Vikings,34,3,Dallas Cowboys,MIN,-2.5,45,Mall of America Field,FALSE,72,0,,indoor
1/17/2010,2009,Division,TRUE,San Diego Chargers,14,17,New York Jets,LAC,-9,42.5,Qualcomm Stadium,FALSE,,,,
1/24/2010,2009,Conference,TRUE,Indianapolis Colts,30,17,New York Jets,IND,-8.5,40.5,Lucas Oil Stadium,FALSE,72,0,,indoor
1/24/2010,2009,Conference,TRUE,New Orleans Saints,31,28,Minnesota Vikings,NO,-3.5,54,Louisiana Superdome,FALSE,72,0,,indoor
2/7/2010,2009,Superbowl,TRUE,Indianapolis Colts,17,31,New Orleans Saints,IND,-5,57,Sun Life Stadium,TRUE,60,,,
1/8/2011,2010,Wildcard,TRUE,Indianapolis Colts,16,17,New York Jets,IND,-2,44.5,Lucas Oil Stadium,FALSE,72,0,,indoor
1/8/2011,2010,Wildcard,TRUE,Seattle Seahawks,41,36,New Orleans Saints,NO,-10,46,CenturyLink Field,FALSE,,,,
1/9/2011,2010,Wildcard,TRUE,Kansas City Chiefs,7,30,Baltimore Ravens,BAL,-3,41,Arrowhead Stadium,FALSE,,,,
1/9/2011,2010,Wildcard,TRUE,Philadelphia Eagles,16,21,Green Bay Packers,PHI,-2.5,47,Lincoln Financial Field,FALSE,,,,
1/15/2011,2010,Division,TRUE,Atlanta Falcons,21,48,Green Bay Packers,ATL,-1.5,43.5,Georgia Dome,FALSE,72,0,,indoor
1/15/2011,2010,Division,TRUE,Pittsburgh Steelers,31,24,Baltimore Ravens,PIT,-3,37,Heinz Field,FALSE,,,,
1/16/2011,2010,Division,TRUE,Chicago Bears,35,24,Seattle Seahawks,CHI,-10,43,Soldier Field,FALSE,,,,
1/16/2011,2010,Division,TRUE,New England Patriots,21,28,New York Jets,NE,-9.5,45,Gillette Stadium,FALSE,,,,
1/23/2011,2010,Conference,TRUE,Chicago Bears,14,21,Green Bay Packers,GB,-3.5,42.5,Soldier Field,FALSE,,,,
1/23/2011,2010,Conference,TRUE,Pittsburgh Steelers,24,19,New York Jets,PIT,-4,38,Heinz Field,FALSE,,,,
2/6/2011,2010,Superbowl,TRUE,Green Bay Packers,31,25,Pittsburgh Steelers,GB,-3,45,Cowboys Stadium,TRUE,72,0,,indoor
1/7/2012,2011,Wildcard,TRUE,Houston Texans,31,10,Cincinnati Bengals,HOU,-4,38,Reliant Stadium,FALSE,,,,
1/7/2012,2011,Wildcard,TRUE,New Orleans Saints,45,28,Detroit Lions,NO,-10.5,60,Louisiana Superdome,FALSE,72,0,,indoor
1/8/2012,2011,Wildcard,TRUE,Denver Broncos,29,23,Pittsburgh Steelers,PIT,-7.5,34,Sports Authority Field at Mile High,FALSE,,,,
1/8/2012,2011,Wildcard,TRUE,New York Giants,24,2,Atlanta Falcons,NYG,-3,48,MetLife Stadium,FALSE,,,,
1/14/2012,2011,Division,TRUE,New England Patriots,45,10,Denver Broncos,NE,-13.5,50,Gillette Stadium,FALSE,,,,
1/14/2012,2011,Division,TRUE,San Francisco 49ers,36,32,New Orleans Saints,NO,-3.5,47,Candlestick Park,FALSE,,,,
1/15/2012,2011,Division,TRUE,Baltimore Ravens,20,13,Houston Texans,BAL,-8,37.5,M&T Bank Stadium,FALSE,,,,
1/15/2012,2011,Division,TRUE,Green Bay Packers,20,37,New York Giants,GB,-8,54.5,Lambeau Field,FALSE,,,,
1/22/2012,2011,Conference,TRUE,New England Patriots,23,20,Baltimore Ravens,NE,-7,50,Gillette Stadium,FALSE,,,,
1/22/2012,2011,Conference,TRUE,San Francisco 49ers,17,20,New York Giants,SF,-2,41.5,Candlestick Park,FALSE,,,,
2/5/2012,2011,Superbowl,TRUE,New England Patriots,17,21,New York Giants,NE,-2.5,53,Lucas Oil Stadium,TRUE,72,0,,indoor
1/5/2013,2012,Wildcard,TRUE,Green Bay Packers,24,10,Minnesota Vikings,GB,-11,44.5,Lambeau Field,FALSE,,,,
1/5/2013,2012,Wildcard,TRUE,Houston Texans,19,13,Cincinnati Bengals,HOU,-4,42.5,Reliant Stadium,FALSE,,,,
1/6/2013,2012,Wildcard,TRUE,Baltimore Ravens,24,9,Indianapolis Colts,BAL,-7,47,M&T Bank Stadium,FALSE,,,,
1/6/2013,2012,Wildcard,TRUE,Washington Redskins,14,24,Seattle Seahawks,SEA,-3,45,FedEx Field,FALSE,,,,
1/12/2013,2012,Division,TRUE,Denver Broncos,35,38,Baltimore Ravens,DEN,-9,44.5,Sports Authority Field at Mile High,FALSE,,,,
1/12/2013,2012,Division,TRUE,San Francisco 49ers,45,31,Green Bay Packers,SF,-3,45.5,Candlestick Park,FALSE,,,,
1/13/2013,2012,Division,TRUE,Atlanta Falcons,30,28,Seattle Seahawks,ATL,-3,47,Georgia Dome,FALSE,72,0,,indoor
1/13/2013,2012,Division,TRUE,New England Patriots,41,28,Houston Texans,NE,-9.5,51,Gillette Stadium,FALSE,,,,
1/20/2013,2012,Conference,TRUE,Atlanta Falcons,24,28,San Francisco 49ers,SF,-4.5,49,Georgia Dome,FALSE,72,0,,indoor
1/20/2013,2012,Conference,TRUE,New England Patriots,13,28,Baltimore Ravens,NE,-7.5,51.5,Gillette Stadium,FALSE,,,,
2/3/2013,2012,Superbowl,TRUE,San Francisco 49ers,31,34,Baltimore Ravens,SF,-4.5,48,Mercedes-Benz Superdome,TRUE,72,0,,indoor
1/4/2014,2013,Wildcard,TRUE,Indianapolis Colts,45,44,Kansas City Chiefs,KC,-2.5,46.5,Lucas Oil Stadium,FALSE,72,0,,indoor
1/4/2014,2013,Wildcard,TRUE,Philadelphia Eagles,24,26,New Orleans Saints,PHI,-3,53,Lincoln Financial Field,FALSE,,,,
1/5/2014,2013,Wildcard,TRUE,Cincinnati Bengals,10,27,San Diego Chargers,CIN,-6,48,Paul Brown Stadium,FALSE,,,,
1/5/2014,2013,Wildcard,TRUE,Green Bay Packers,20,23,San Francisco 49ers,SF,-3,46,Lambeau Field,FALSE,,,,
1/11/2014,2013,Division,TRUE,New England Patriots,43,22,Indianapolis Colts,NE,-7,51,Gillette Stadium,FALSE,,,,
1/11/2014,2013,Division,TRUE,Seattle Seahawks,23,15,New Orleans Saints,SEA,-9,44.5,CenturyLink Field,FALSE,,,,
1/12/2014,2013,Division,TRUE,Carolina Panthers,10,23,San Francisco 49ers,SF,-1,41.5,Bank of America Stadium,FALSE,,,,
1/12/2014,2013,Division,TRUE,Denver Broncos,24,17,San Diego Chargers,DEN,-7.5,54.5,Sports Authority Field at Mile High,FALSE,,,,
1/19/2014,2013,Conference,TRUE,Denver Broncos,26,16,New England Patriots,DEN,-5,57,Sports Authority Field at Mile High,FALSE,,,,
1/19/2014,2013,Conference,TRUE,Seattle Seahawks,23,17,San Francisco 49ers,SEA,-4,40.5,CenturyLink Field,FALSE,,,,
2/2/2014,2013,Superbowl,TRUE,Denver Broncos,8,43,Seattle Seahawks,DEN,-2,47.5,MetLife Stadium,TRUE,49,,,
1/3/2015,2014,Wildcard,TRUE,Carolina Panthers,27,16,Arizona Cardinals,CAR,-5.5,37.5,Bank of America Stadium,FALSE,51,6,,
1/3/2015,2014,Wildcard,TRUE,Pittsburgh Steelers,17,30,Baltimore Ravens,PIT,-3,45,Heinz Field,FALSE,48,10,,
1/4/2015,2014,Wildcard,TRUE,Dallas Cowboys,24,20,Detroit Lions,DAL,-6,48.5,Cowboys Stadium,FALSE,72,0,,indoor
1/4/2015,2014,Wildcard,TRUE,Indianapolis Colts,26,10,Cincinnati Bengals,IND,-3.5,48,Lucas Oil Stadium,FALSE,72,0,,indoor
1/10/2015,2014,Division,TRUE,New England Patriots,35,31,Baltimore Ravens,NE,-7,47.5,Gillette Stadium,FALSE,20,12,,
1/10/2015,2014,Division,TRUE,Seattle Seahawks,31,17,Carolina Panthers,SEA,-13.5,39.5,CenturyLink Field,FALSE,48,0,,
1/11/2015,2014,Division,TRUE,Denver Broncos,13,24,Indianapolis Colts,DEN,-9.5,53.5,Sports Authority Field at Mile High,FALSE,40,7,,
1/11/2015,2014,Division,TRUE,Green Bay Packers,26,21,Dallas Cowboys,GB,-5.5,51.5,Lambeau Field,FALSE,24,0,,
1/18/2015,2014,Conference,TRUE,New England Patriots,45,7,Indianapolis Colts,NE,-7,52,Gillette Stadium,FALSE,51,15,,
1/18/2015,2014,Conference,TRUE,Seattle Seahawks,28,22,Green Bay Packers,SEA,-8.5,45,CenturyLink Field,FALSE,52,15,,
2/1/2015,2014,Superbowl,TRUE,Seattle Seahawks,24,28,New England Patriots,NE,-1,47.5,University of Phoenix Stadium,TRUE,72,0,,indoor
1/9/2016,2015,Wildcard,TRUE,Cincinnati Bengals,16,18,Pittsburgh Steelers,PIT,-3,45,Paul Brown Stadium,FALSE,51,5,,
1/9/2016,2015,Wildcard,TRUE,Houston Texans,0,30,Kansas City Chiefs,KC,-3,40,Reliant Stadium,FALSE,72,0,,indoor
1/10/2016,2015,Wildcard,TRUE,Minnesota Vikings,9,10,Seattle Seahawks,SEA,-4.5,40,TCF Bank Stadium,FALSE,-6,12,,
1/10/2016,2015,Wildcard,TRUE,Washington Redskins,18,35,Green Bay Packers,WAS,-1,46,FedEx Field,FALSE,61,14,,
1/16/2016,2015,Division,TRUE,Arizona Cardinals,26,20,Green Bay Packers,ARI,-7,49,University of Phoenix Stadium,FALSE,72,0,,indoor
1/16/2016,2015,Division,TRUE,New England Patriots,27,20,Kansas City Chiefs,NE,-4.5,43,Gillette Stadium,FALSE,38,6,,
1/17/2016,2015,Division,TRUE,Carolina Panthers,31,24,Seattle Seahawks,CAR,-2.5,44,Bank of America Stadium,FALSE,43,7,,
1/17/2016,2015,Division,TRUE,Denver Broncos,23,16,Pittsburgh Steelers,DEN,-7.5,41,Sports Authority Field at Mile High,FALSE,43,9,,
1/24/2016,2015,Conference,TRUE,Carolina Panthers,49,15,Arizona Cardinals,CAR,-3,47.5,Bank of America Stadium,FALSE,39,4,,
1/24/2016,2015,Conference,TRUE,Denver Broncos,20,18,New England Patriots,NE,-3,44.5,Sports Authority Field at Mile High,FALSE,46,6,,
2/7/2016,2015,Superbowl,TRUE,Denver Broncos,24,10,Carolina Panthers,CAR,-4.5,43,Levi's Stadium,TRUE,76,16,,
1/7/2017,2016,Wildcard,TRUE,Houston Texans,27,14,Oakland Raiders,HOU,-4,38,Reliant Stadium,FALSE,72,0,,indoor
1/7/2017,2016,Wildcard,TRUE,Seattle Seahawks,26,6,Detroit Lions,SEA,-8,45.5,CenturyLink Field,FALSE,38,7,,
1/8/2017,2016,Wildcard,TRUE,Green Bay Packers,38,13,New York Giants,GB,-5,46.5,Lambeau Field,FALSE,14,7,,
1/8/2017,2016,Wildcard,TRUE,Pittsburgh Steelers,30,12,Miami Dolphins,PIT,-11,47.5,Heinz Field,FALSE,17,16,,
1/14/2017,2016,Division,TRUE,Atlanta Falcons,36,20,Seattle Seahawks,ATL,-6.5,51,Georgia Dome,FALSE,72,0,,indoor
1/14/2017,2016,Division,TRUE,New England Patriots,34,16,Houston Texans,NE,-16,44,Gillette Stadium,FALSE,28,6,,
1/15/2017,2016,Division,TRUE,Dallas Cowboys,31,34,Green Bay Packers,DAL,-5.5,52.5,Cowboys Stadium,FALSE,72,0,,indoor
1/15/2017,2016,Division,TRUE,Kansas City Chiefs,16,18,Pittsburgh Steelers,KC,-2.5,45.5,Arrowhead Stadium,FALSE,33,9,,
1/22/2017,2016,Conference,TRUE,Atlanta Falcons,44,21,Green Bay Packers,ATL,-6.5,59.5,Georgia Dome,FALSE,72,0,,indoor
1/22/2017,2016,Conference,TRUE,New England Patriots,36,17,Pittsburgh Steelers,NE,-5.5,50,Gillette Stadium,FALSE,41,10,,
2/5/2017,2016,Superbowl,TRUE,Atlanta Falcons,28,34,New England Patriots,NE,-3,57.5,NRG Stadium,TRUE,72,0,,indoor
1/6/2018,2017,Wildcard,TRUE,Kansas City Chiefs,21,22,Tennessee Titans,KC,-8.5,44,Arrowhead Stadium,FALSE,33,10,,
1/6/2018,2017,Wildcard,TRUE,Los Angeles Rams,13,26,Atlanta Falcons,LAR,-6.5,48,Los Angeles Memorial Coliseum,FALSE,62,3,,
1/7/2018,2017,Wildcard,TRUE,Jacksonville Jaguars,10,3,Buffalo Bills,JAX,-8,39.5,EverBank Field,FALSE,53,18,,
1/7/2018,2017,Wildcard,TRUE,New Orleans Saints,31,26,Carolina Panthers,NO,-6.5,47.5,Mercedes-Benz Superdome,FALSE,72,0,,indoor
1/13/2018,2017,Division,TRUE,New England Patriots,35,14,Tennessee Titans,NE,-13.5,48.5,Gillette Stadium,FALSE,24,12,,
1/13/2018,2017,Division,TRUE,Philadelphia Eagles,15,10,Atlanta Falcons,ATL,-2.5,40,Lincoln Financial Field,FALSE,32,16,,
1/14/2018,2017,Division,TRUE,Minnesota Vikings,29,24,New Orleans Saints,MIN,-5.5,46.5,U.S. Bank Stadium,FALSE,72,0,,indoor
1/14/2018,2017,Division,TRUE,Pittsburgh Steelers,42,45,Jacksonville Jaguars,PIT,-7,40.5,Heinz Field,FALSE,18,2,,
1/21/2018,2017,Conference,TRUE,New England Patriots,24,20,Jacksonville Jaguars,NE,-7.5,46,Gillette Stadium,FALSE,48,2,,
1/21/2018,2017,Conference,TRUE,Philadelphia Eagles,38,7,Minnesota Vikings,MIN,-3,39,Lincoln Financial Field,FALSE,46,1,,
2/4/2018,2017,Superbowl,TRUE,New England Patriots,33,41,Philadelphia Eagles,NE,-4.5,48.5,U.S. Bank Stadium,TRUE,72,0,,indoor
1/5/2019,2018,Wildcard,TRUE,Dallas Cowboys,24,22,Seattle Seahawks,DAL,-2.5,43,AT&T Stadium,FALSE,72,0,,indoor
1/5/2019,2018,Wildcard,TRUE,Houston Texans,7,21,Indianapolis Colts,HOU,-2,48.5,NRG Stadium,FALSE,72,0,,indoor
1/6/2019,2018,Wildcard,TRUE,Baltimore Ravens,17,23,Los Angeles Chargers,BAL,-3,43,M&T Bank Stadium,FALSE,52,12,,
1/6/2019,2018,Wildcard,TRUE,Chicago Bears,15,16,Philadelphia Eagles,CHI,-6.5,41.5,Soldier Field,FALSE,39,12,,
1/12/2019,2018,Division,TRUE,Kansas City Chiefs,31,13,Indianapolis Colts,KC,-4,54,Arrowhead Stadium,FALSE,32,13,,
1/12/2019,2018,Division,TRUE,Los Angeles Rams,30,22,Dallas Cowboys,LAR,-7.5,48,Los Angeles Memorial Coliseum,FALSE,57,1,,
1/13/2019,2018,Division,TRUE,New England Patriots,41,28,Los Angeles Chargers,NE,-3.5,47.5,Gillette Stadium,FALSE,26,3,,
1/13/2019,2018,Division,TRUE,New Orleans Saints,20,14,Philadelphia Eagles,NO,-8.5,52,Mercedes-Benz Superdome,FALSE,72,0,,indoor
1/20/2019,2018,Conference,TRUE,Kansas City Chiefs,31,37,New England Patriots,KC,-3,56,Arrowhead Stadium,FALSE,19,14,,
1/20/2019,2018,Conference,TRUE,New Orleans Saints,23,26,Los Angeles Rams,NO,-3,55.5,Mercedes-Benz Superdome,FALSE,72,0,,indoor
2/3/2019,2018,Superbowl,TRUE,Los Angeles Rams,3,13,New England Patriots,NE,-2,55.5,Mercedes-Benz Stadium,TRUE,72,0,,indoor
1/4/2020,2019,Wildcard,TRUE,Houston Texans,22,19,Buffalo Bills,HOU,-2.5,43,NRG Stadium,FALSE,72,0,,indoor
1/4/2020,2019,Wildcard,TRUE,New England Patriots,13,20,Tennessee Titans,NE,-4.5,45,Gillette Stadium,FALSE,44,4,88,
1/5/2020,2019,Wildcard,TRUE,New Orleans Saints,20,26,Minnesota Vikings,NO,-7.5,49.5,Mercedes-Benz Superdome,FALSE,72,0,,indoor
1/5/2020,2019,Wildcard,TRUE,Philadelphia Eagles,9,17,Seattle Seahawks,PHI,-1,44.5,Lincoln Financial Field,FALSE,41,17,40,
1/11/2020,2019,Division,TRUE,Baltimore Ravens,12,28,Tennessee Titans,BAL,-10,47.5,M&T Bank Stadium,FALSE,69,12,70,
1/11/2020,2019,Division,TRUE,San Francisco 49ers,27,10,Minnesota Vikings,SF,-7,44.5,Levi's Stadium,FALSE,56,11,67,
1/12/2020,2019,Division,TRUE,Green Bay Packers,28,23,Seattle Seahawks,GB,-4.5,45.5,Lambeau Field,FALSE,23,8,74,
1/12/2020,2019,Division,TRUE,Kansas City Chiefs,51,31,Houston Texans,KC,-10,50.5,Arrowhead Stadium,FALSE,,,,
1/19/2020,2019,Conference,TRUE,Kansas City Chiefs,35,24,Tennessee Titans,KC,-7,51,Arrowhead Stadium,FALSE,,,,
1/19/2020,2019,Conference,TRUE,San Francisco 49ers,37,20,Green Bay Packers,SF,-8,46.5,Levi's Stadium,FALSE,58,5,56,
2/2/2020,2019,Superbowl,TRUE,Kansas City Chiefs,31,20,San Francisco 49ers,KC,-1.5,53,Hard Rock Stadium,TRUE,64,,,
1/9/2021,2020,Wildcard,TRUE,Buffalo Bills,27,24,Indianapolis Colts,BUF,-7,50.5,New Era Field,FALSE,34,6,59,
1/9/2021,2020,Wildcard,TRUE,Seattle Seahawks,20,30,Los Angeles Rams,SEA,-3,42.5,CenturyLink Field,FALSE,39,1,91,
1/9/2021,2020,Wildcard,TRUE,Washington Football Team,23,31,Tampa Bay Buccaneers,TB,-10,45,FedEx Field,FALSE,40,10,47,
1/10/2021,2020,Wildcard,TRUE,New Orleans Saints,21,9,Chicago Bears,NO,-11,48,Mercedes-Benz Superdome,FALSE,72,0,,indoor
1/10/2021,2020,Wildcard,TRUE,Pittsburgh Steelers,37,48,Cleveland Browns,PIT,-5.5,47.5,Heinz Field,FALSE,34,1,72,
1/10/2021,2020,Wildcard,TRUE,Tennessee Titans,13,20,Baltimore Ravens,BAL,-3.5,53.5,Nissan Stadium,FALSE,33,1,63,
1/16/2021,2020,Division,TRUE,Buffalo Bills,17,3,Baltimore Ravens,BUF,-2.5,49.5,New Era Field,FALSE,34,13,81,
1/16/2021,2020,Division,TRUE,Green Bay Packers,32,18,Los Angeles Rams,GB,-7,45,Lambeau Field,FALSE,35,13,69,
1/17/2021,2020,Division,TRUE,Kansas City Chiefs,22,17,Cleveland Browns,KC,-8,56,Arrowhead Stadium,FALSE,40,13,62,
1/17/2021,2020,Division,TRUE,New Orleans Saints,20,30,Tampa Bay Buccaneers,NO,-2.5,53,Mercedes-Benz Superdome,FALSE,72,0,,indoor
1/24/2021,2020,Conference,TRUE,Green Bay Packers,26,31,Tampa Bay Buccaneers,GB,-3,53,Lambeau Field,FALSE,29,10,75,
1/24/2021,2020,Conference,TRUE,Kansas City Chiefs,38,24,Buffalo Bills,KC,-3,55,Arrowhead Stadium,FALSE,40,7,70,
2/7/2021,2020,Superbowl,TRUE,Tampa Bay Buccaneers,31,9,Kansas City Chiefs,KC,-3,54.5,Raymond James Stadium,FALSE,63,9,78,
1/15/2022,2021,Wildcard,TRUE,Buffalo Bills,47,17,New England Patriots,BUF,-4.5,43,Highmark Stadium,FALSE,7,8,66,
1/15/2022,2021,Wildcard,TRUE,Cincinnati Bengals,26,19,Las Vegas Raiders,CIN,-6,48.5,Paul Brown Stadium,FALSE,31,12,63,
1/16/2022,2021,Wildcard,TRUE,Dallas Cowboys,17,23,San Francisco 49ers,DAL,-3.5,51,AT&T Stadium,FALSE,72,0,,indoor
1/16/2022,2021,Wildcard,TRUE,Kansas City Chiefs,42,21,Pittsburgh Steelers,KC,-12.5,47,Arrowhead Stadium,FALSE,30,8,78,
1/16/2022,2021,Wildcard,TRUE,Tampa Bay Buccaneers,31,15,Philadelphia Eagles,TB,-7,47,Raymond James Stadium,FALSE,66,21,52,
1/17/2022,2021,Wildcard,TRUE,Los Angeles Rams,34,11,Arizona Cardinals,LAR,-3.5,49,SoFi Stadium,FALSE,72,0,,indoor
1/22/2022,2021,Division,TRUE,Green Bay Packers,10,13,San Francisco 49ers,GB,-5.5,47,Lambeau Field,FALSE,15,12,53,
1/22/2022,2021,Division,TRUE,Tennessee Titans,16,19,Cincinnati Bengals,TEN,-4,48.5,Nissan Stadium,FALSE,35,0,43,
1/23/2022,2021,Division,TRUE,Kansas City Chiefs,42,36,Buffalo Bills,KC,-2.5,54,Arrowhead Stadium,FALSE,35,6,54,
1/23/2022,2021,Division,TRUE,Tampa Bay Buccaneers,27,30,Los Angeles Rams,TB,-3,48,Raymond James Stadium,FALSE,50,11,69,
1/30/2022,2021,Conference,TRUE,Kansas City Chiefs,24,27,Cincinnati Bengals,KC,-7,54.5,Arrowhead Stadium,FALSE,41,4,41,
1/30/2022,2021,Conference,TRUE,Los Angeles Rams,20,17,San Francisco 49ers,LAR,-3.5,46,SoFi Stadium,FALSE,72,0,,indoor
2/13/2022,2021,Superbowl,TRUE,Cincinnati Bengals,20,23,Los Angeles Rams,LAR,-4.5,48.5,SoFi Stadium,TRUE,72,0,,indoor
1/14/2023,2022,Wildcard,TRUE,Jacksonville Jaguars,31,30,Los Angeles Chargers,LAC,-2.5,46.5,TIAA Bank Field,FALSE,,,,
1/14/2023,2022,Wildcard,TRUE,San Francisco 49ers,41,23,Seattle Seahawks,SF,-9.5,42,Levi's Stadium,FALSE,57,11,82,
1/15/2023,2022,Wildcard,TRUE,Buffalo Bills,34,31,Miami Dolphins,BUF,-14,44.5,Highmark Stadium,FALSE,27,4,80,
1/15/2023,2022,Wildcard,TRUE,Cincinnati Bengals,24,17,Baltimore Ravens,CIN,-8,40,Paycor Stadium,FALSE,30,4,71,
1/15/2023,2022,Wildcard,TRUE,Minnesota Vikings,24,31,New York Giants,MIN,-2.5,48,U.S. Bank Stadium,FALSE,72,0,,indoor
1/16/2023,2022,Wildcard,TRUE,Tampa Bay Buccaneers,14,31,Dallas Cowboys,DAL,-2.5,45.5,Raymond James Stadium,FALSE,58,2,42,
1/21/2023,2022,Division,TRUE,Kansas City Chiefs,27,20,Jacksonville Jaguars,KC,-9.5,52,GEHA Field at Arrowhead Stadium,FALSE,36,6,92,
1/21/2023,2022,Division,TRUE,Philadelphia Eagles,38,7,New York Giants,PHI,-8,48,Lincoln Financial Field,FALSE,40,6,55,
1/22/2023,2022,Division,TRUE,Buffalo Bills,10,27,Cincinnati Bengals,BUF,-6,48.5,Highmark Stadium,FALSE,32,4,100,snow
1/22/2023,2022,Division,TRUE,San Francisco 49ers,19,12,Dallas Cowboys,SF,-3.5,46.5,Levi's Stadium,FALSE,55,19,47,
1/29/2023,2022,Conference,TRUE,Kansas City Chiefs,23,20,Cincinnati Bengals,KC,-1.5,48,GEHA Field at Arrowhead Stadium,FALSE,22,13,55,
1/29/2023,2022,Conference,TRUE,Philadelphia Eagles,31,7,San Francisco 49ers,PHI,-2.5,45.5,Lincoln Financial Field,FALSE,52,14,48,rain
2/12/2023,2022,Superbowl,TRUE,Philadelphia Eagles,35,38,Kansas City Chiefs,PHI,-1,51,State Farm Stadium,TRUE,76,8,8,retractable (open roof)
1/13/2024,2023,Wildcard,TRUE,Houston Texans,45,14,Cleveland Browns,CLE,-2.5,45,NRG Stadium,FALSE,72,0,,indoor
1/13/2024,2023,Wildcard,TRUE,Kansas City Chiefs,26,7,Miami Dolphins,KC,-4.5,43.5,GEHA Field at Arrowhead Stadium,FALSE,-4,19,64,
1/14/2024,2023,Wildcard,TRUE,Dallas Cowboys,32,48,Green Bay Packers,DAL,-7,52.5,AT&T Stadium,FALSE,72,0,,indoor
1/14/2024,2023,Wildcard,TRUE,Detroit Lions,24,23,Los Angeles Rams,DET,-3,53,Ford Field,FALSE,72,0,,indoor
1/15/2024,2023,Wildcard,TRUE,Buffalo Bills,31,17,Pittsburgh Steelers,BUF,-9,33,Highmark Stadium,FALSE,17,10,57,
1/15/2024,2023,Wildcard,TRUE,Tampa Bay Buccaneers,32,9,Philadelphia Eagles,PHI,-3,43,Raymond James Stadium,FALSE,65,2,90,
1/20/2024,2023,Division,TRUE,Baltimore Ravens,34,10,Houston Texans,BAL,-10,44,M&T Bank Stadium,FALSE,27,16,40,
1/20/2024,2023,Division,TRUE,San Francisco 49ers,24,21,Green Bay Packers,SF,-10,50.5,Levi's Stadium,FALSE,59,8,77,
1/21/2024,2023,Division,TRUE,Buffalo Bills,24,27,Kansas City Chiefs,BUF,-2.5,46,Highmark Stadium,FALSE,25,11,67,
1/21/2024,2023,Division,TRUE,Detroit Lions,31,23,Tampa Bay Buccaneers,DET,-6,49.5,Ford Field,FALSE,72,0,,indoor
1/28/2024,2023,Conference,TRUE,Baltimore Ravens,10,17,Kansas City Chiefs,BAL,-4.5,44,M&T Bank Stadium,FALSE,47,7,83,
1/28/2024,2023,Conference,TRUE,San Francisco 49ers,34,31,Detroit Lions,SF,-7.5,53.5,Levi's Stadium,FALSE,69,5,55,
2/11/2024,2023,Superbowl,TRUE,Kansas City Chiefs,25,22,San Francisco 49ers,SF,-2,47,Allegiant Stadium,TRUE,72,0,,indoor
1/11/2025,2024,Wildcard,TRUE,Houston Texans,32,12,Los Angeles Chargers,LAC,-2.5,42,NRG Stadium,FALSE,72,0,,indoor
1/12/2025,2024,Wildcard,TRUE,Baltimore Ravens,28,14,Pittsburgh Steelers,BAL,-9,44.5,M&T Bank Stadium,FALSE,32,12,54,
1/12/2025,2024,Wildcard,TRUE,Buffalo Bills,31,7,Denver Broncos,BUF,-7.5,49,Highmark Stadium,FALSE,32,10,76,
1/12/2025,2024,Wildcard,TRUE,Philadelphia Eagles,22,10,Green Bay Packers,PHI,-5.5,46,Lincoln Financial Field,FALSE,40,6,47,
1/12/2025,2024,Wildcard,TRUE,Tampa Bay Buccaneers,20,23,Washington Commanders,TB,-3,51.5,Raymond James Stadium,FALSE,58,2,57,
1/13/2025,2024,Wildcard,TRUE,Los Angeles Rams,27,9,Minnesota Vikings,MIN,-2.5,48,State Farm Stadium,TRUE,72,0,,indoor
1/18/2025,2024,Division,TRUE,Detroit Lions,31,45,Washington Commanders,DET,-8,55,Ford Field,FALSE,72,0,,indoor
1/18/2025,2024,Division,TRUE,Kansas City Chiefs,23,14,Houston Texans,KC,-9.5,41.5,GEHA Field at Arrowhead Stadium,FALSE,23,17,43,
1/19/2025,2024,Division,TRUE,Buffalo Bills,27,25,Baltimore Ravens,BAL,-1.5,52,Highmark Stadium,FALSE,19,4,84,snow
1/19/2025,2024,Division,TRUE,Philadelphia Eagles,28,22,Los Angeles Rams,PHI,-7,43.5,Lincoln Financial Field,FALSE,34,8,67,snow
1/26/2025,2024,Conference,TRUE,Kansas City Chiefs,32,29,Buffalo Bills,KC,-1,49.5,GEHA Field at Arrowhead Stadium,FALSE,31,8,45,
1/26/2025,2024,Conference,TRUE,Philadelphia Eagles,55,23,Washington Commanders,PHI,-6,47,Lincoln Financial Field,FALSE,40,11,45,
2/9/2025,2024,Superbowl,TRUE,Philadelphia Eagles,40,22,Kansas City Chiefs,KC,-1,48.5,Caesars Superdome,TRUE,72,0,,indoor
